Repo,URL,File
EPIC-model/epic,https://github.com/EPIC-model/epic,.zenodo.json
JuliaOcean/AIBECS.jl,https://github.com/JuliaOcean/AIBECS.jl,.zenodo.json
datacarpentry/spreadsheet-ecology-lesson,https://github.com/datacarpentry/spreadsheet-ecology-lesson,.zenodo.json
datacarpentry/cloud-genomics,https://github.com/datacarpentry/cloud-genomics,.zenodo.json
LibraryCarpentry/lc-open-refine,https://github.com/LibraryCarpentry/lc-open-refine,.zenodo.json
datacarpentry/r-raster-vector-geospatial,https://github.com/datacarpentry/r-raster-vector-geospatial,.zenodo.json
coedigitalhealth/software-carpentry-R,https://github.com/coedigitalhealth/software-carpentry-R,.zenodo.json
ERA-URBAN/wrfpy,https://github.com/ERA-URBAN/wrfpy,.zenodo.json
DCMLab/corelli,https://github.com/DCMLab/corelli,.zenodo.json
tyfolino/climkern,https://github.com/tyfolino/climkern,.zenodo.json
moldyn/msmhelper,https://github.com/moldyn/msmhelper,.zenodo.json
ImagingLectures/Quantitative-Big-Imaging-2025,https://github.com/ImagingLectures/Quantitative-Big-Imaging-2025,.zenodo.json
RS-DAT/stac2dcache,https://github.com/RS-DAT/stac2dcache,.zenodo.json
NASA-PDS/PLAID,https://github.com/NASA-PDS/PLAID,.zenodo.json
BlueBrain/e-model-packager,https://github.com/BlueBrain/e-model-packager,.zenodo.json
Amslup/tensorflow,https://github.com/Amslup/tensorflow,.zenodo.json
DCAN-Labs/cdni-brain,https://github.com/DCAN-Labs/cdni-brain,.zenodo.json
RS-DAT/dcachefs,https://github.com/RS-DAT/dcachefs,.zenodo.json
JuliaSmoothOptimizers/SolverTools.jl,https://github.com/JuliaSmoothOptimizers/SolverTools.jl,.zenodo.json
esmf-org/esmf-testkit,https://github.com/esmf-org/esmf-testkit,.zenodo.json
Cloud-Drift/scipy-2024-poster,https://github.com/Cloud-Drift/scipy-2024-poster,.zenodo.json
n-szulc/fingeRNAt-supplementary,https://github.com/n-szulc/fingeRNAt-supplementary,.zenodo.json
R-Lum/RLumCarlo,https://github.com/R-Lum/RLumCarlo,.zenodo.json
AlxLhrNc/pyBOA,https://github.com/AlxLhrNc/pyBOA,.zenodo.json
ThierryO/checklisttest,https://github.com/ThierryO/checklisttest,.zenodo.json
iomega/zenodo-upload,https://github.com/iomega/zenodo-upload,.zenodo.json
filipsPL/NCN-github-OA,https://github.com/filipsPL/NCN-github-OA,.zenodo.json
filipsPL/fingernat-ml,https://github.com/filipsPL/fingernat-ml,.zenodo.json
saw-leipzig/csv2cmi,https://github.com/saw-leipzig/csv2cmi,.zenodo.json
wlangera/slakindu-report-5,https://github.com/wlangera/slakindu-report-5,.zenodo.json
ThierryO/flandersqmd-book,https://github.com/ThierryO/flandersqmd-book,.zenodo.json
inbo/macro-moths-msci,https://github.com/inbo/macro-moths-msci,.zenodo.json
inbo/meetnet-evaluatie,https://github.com/inbo/meetnet-evaluatie,.zenodo.json
tobiasrausch/nRex,https://github.com/tobiasrausch/nRex,.zenodo.json
inbo/toestand-waterlopen,https://github.com/inbo/toestand-waterlopen,.zenodo.json
wragge/tempy-mctemplate,https://github.com/wragge/tempy-mctemplate,.zenodo.json
boydorr/ClimatePref.jl,https://github.com/boydorr/ClimatePref.jl,.zenodo.json
pnsaevik/effluent,https://github.com/pnsaevik/effluent,.zenodo.json
9505-PNNL/wmpy_power,https://github.com/9505-PNNL/wmpy_power,.zenodo.json
medialab/toflit18_data,https://github.com/medialab/toflit18_data,.zenodo.json
eschnett/MPIconstants,https://github.com/eschnett/MPIconstants,.zenodo.json
GLAM-Workbench/prov,https://github.com/GLAM-Workbench/prov,.zenodo.json
datacarpentry/image-processing,https://github.com/datacarpentry/image-processing,.zenodo.json
ndmallmann/urutau,https://github.com/ndmallmann/urutau,.zenodo.json
GeoStat-Framework/pentapy,https://github.com/GeoStat-Framework/pentapy,.zenodo.json
debruine/faux,https://github.com/debruine/faux,.zenodo.json
megasanjay/upload-to-zenodo,https://github.com/megasanjay/upload-to-zenodo,.zenodo.json
xiazeyu/DT_SegNet,https://github.com/xiazeyu/DT_SegNet,.zenodo.json
PIK-LPJmL/LPJmL,https://github.com/PIK-LPJmL/LPJmL,.zenodo.json
joelnitta/r-novice-gapminder,https://github.com/joelnitta/r-novice-gapminder,.zenodo.json
datacarpentry/python-socialsci,https://github.com/datacarpentry/python-socialsci,.zenodo.json
LMODroid/platform_external_tensorflow,https://github.com/LMODroid/platform_external_tensorflow,.zenodo.json
mpbron/instancelib,https://github.com/mpbron/instancelib,.zenodo.json
R3BRootGroup/glad-tpc,https://github.com/R3BRootGroup/glad-tpc,.zenodo.json
DCMLab/schumann_kinderszenen,https://github.com/DCMLab/schumann_kinderszenen,.zenodo.json
HPCBio/hpcbio-swc-shell-novice-sp2025,https://github.com/HPCBio/hpcbio-swc-shell-novice-sp2025,.zenodo.json
LibraryCarpentry/lc-git,https://github.com/LibraryCarpentry/lc-git,.zenodo.json
btmoyers/bash-genomics,https://github.com/btmoyers/bash-genomics,.zenodo.json
MouronRoger/First1KGreek,https://github.com/MouronRoger/First1KGreek,.zenodo.json
Princeton-CDH/geniza,https://github.com/Princeton-CDH/geniza,.zenodo.json
paidiver/paidiverpy,https://github.com/paidiver/paidiverpy,.zenodo.json
HEP-FCC/FCCAnalyses,https://github.com/HEP-FCC/FCCAnalyses,.zenodo.json
b-cubed-eu/pdindicatoR,https://github.com/b-cubed-eu/pdindicatoR,.zenodo.json
qmcurrents/gimic,https://github.com/qmcurrents/gimic,.zenodo.json
LibraryCarpentry/lc-shell,https://github.com/LibraryCarpentry/lc-shell,.zenodo.json
pik-piam/mrwaste,https://github.com/pik-piam/mrwaste,.zenodo.json
carbonplan/compliance-users,https://github.com/carbonplan/compliance-users,.zenodo.json
DCMLab/frescobaldi_fiori_musicali,https://github.com/DCMLab/frescobaldi_fiori_musicali,.zenodo.json
athob/py-ananke,https://github.com/athob/py-ananke,.zenodo.json
inbo/flea-extent,https://github.com/inbo/flea-extent,.zenodo.json
Qiskit/rustworkx,https://github.com/Qiskit/rustworkx,.zenodo.json
uc-bd2k/ilincsAPI,https://github.com/uc-bd2k/ilincsAPI,.zenodo.json
HBPMedical/pytest-mip,https://github.com/HBPMedical/pytest-mip,.zenodo.json
RemieJanssen/PhyloX,https://github.com/RemieJanssen/PhyloX,.zenodo.json
MTgeophysics/mtpy,https://github.com/MTgeophysics/mtpy,.zenodo.json
fabien-ors/swigex0,https://github.com/fabien-ors/swigex0,.zenodo.json
castelao/oceansdb,https://github.com/castelao/oceansdb,.zenodo.json
EcoJulia/EcoSISTEM.jl,https://github.com/EcoJulia/EcoSISTEM.jl,.zenodo.json
ArchaeoStat/ArchaeoPhases,https://github.com/ArchaeoStat/ArchaeoPhases,.zenodo.json
epfllibrary/costcalc,https://github.com/epfllibrary/costcalc,.zenodo.json
FairRootGroup/FairRoot,https://github.com/FairRootGroup/FairRoot,.zenodo.json
fairdataihub/SODA-for-SPARC,https://github.com/fairdataihub/SODA-for-SPARC,.zenodo.json
vuillaut/sandbox,https://github.com/vuillaut/sandbox,.zenodo.json
amasson84/costcalc,https://github.com/amasson84/costcalc,.zenodo.json
CogDisResLab/drugfindR,https://github.com/CogDisResLab/drugfindR,.zenodo.json
R3BRootGroup/frs,https://github.com/R3BRootGroup/frs,.zenodo.json
crp2a/BayLum,https://github.com/crp2a/BayLum,.zenodo.json
R-Lum/RLumModel,https://github.com/R-Lum/RLumModel,.zenodo.json
bioc/drugfindR,https://github.com/bioc/drugfindR,.zenodo.json
EcoJulia/EcoBase.jl,https://github.com/EcoJulia/EcoBase.jl,.zenodo.json
FairRootGroup/FairMQ,https://github.com/FairRootGroup/FairMQ,.zenodo.json
boydorr/ResearchSoftwareMetadata.jl,https://github.com/boydorr/ResearchSoftwareMetadata.jl,.zenodo.json
pynucastro/pynucastro,https://github.com/pynucastro/pynucastro,.zenodo.json
boydorr/TraitExtraction.jl,https://github.com/boydorr/TraitExtraction.jl,.zenodo.json
fairdataihub/FAIR-BioRS-Docs,https://github.com/fairdataihub/FAIR-BioRS-Docs,.zenodo.json
CLOVER-energy/CLOVER,https://github.com/CLOVER-energy/CLOVER,.zenodo.json
rjfarmer/pyMesa,https://github.com/rjfarmer/pyMesa,.zenodo.json
cds-astro/tutorials,https://github.com/cds-astro/tutorials,.zenodo.json
R-Lum/RCarb,https://github.com/R-Lum/RCarb,.zenodo.json
R-Lum/Luminescence,https://github.com/R-Lum/Luminescence,.zenodo.json
ropensci/rnassqs,https://github.com/ropensci/rnassqs,.zenodo.json
FAIRDataPipeline/pyDataPipeline,https://github.com/FAIRDataPipeline/pyDataPipeline,.zenodo.json
inbo/dhcurve,https://github.com/inbo/dhcurve,.zenodo.json
fairdataihub/SODA-for-SPARC-Docs,https://github.com/fairdataihub/SODA-for-SPARC-Docs,.zenodo.json
weecology/everglades-forecast-web,https://github.com/weecology/everglades-forecast-web,.zenodo.json
crp2a/gamma,https://github.com/crp2a/gamma,.zenodo.json
crp2a/gammaShiny,https://github.com/crp2a/gammaShiny,.zenodo.json
bogdan-tanygin/spacetime-sym,https://github.com/bogdan-tanygin/spacetime-sym,.zenodo.json
EcoJulia/Phylo.jl,https://github.com/EcoJulia/Phylo.jl,.zenodo.json
tamasgal/km3pipe,https://github.com/tamasgal/km3pipe,.zenodo.json
RECeSS-EU-Project/benchscofi,https://github.com/RECeSS-EU-Project/benchscofi,.zenodo.json
R-Lum/rxylib,https://github.com/R-Lum/rxylib,.zenodo.json
RECeSS-EU-Project/JELI,https://github.com/RECeSS-EU-Project/JELI,.zenodo.json
megasanjay/test1,https://github.com/megasanjay/test1,.zenodo.json
quantumlib/OpenFermion,https://github.com/quantumlib/OpenFermion,.zenodo.json
Glottography/asher2007world,https://github.com/Glottography/asher2007world,.zenodo.json
sandialabs/pCubit,https://github.com/sandialabs/pCubit,.zenodo.json
shui5/spec2nii,https://github.com/shui5/spec2nii,.zenodo.json
projectEndings/staticSearch,https://github.com/projectEndings/staticSearch,.zenodo.json
inbo/birdradar,https://github.com/inbo/birdradar,.zenodo.json
DCMLab/mahler_kindertotenlieder,https://github.com/DCMLab/mahler_kindertotenlieder,.zenodo.json
sib-swiss/spatial-transcriptomics-training,https://github.com/sib-swiss/spatial-transcriptomics-training,.zenodo.json
matthiaskoenig/libsbgnpy,https://github.com/matthiaskoenig/libsbgnpy,.zenodo.json
DCMLab/kleine_geistliche_konzerte,https://github.com/DCMLab/kleine_geistliche_konzerte,.zenodo.json
DCMLab/c_schumann_lieder,https://github.com/DCMLab/c_schumann_lieder,.zenodo.json
RRZE-HPC/likwid,https://github.com/RRZE-HPC/likwid,.zenodo.json
The-Academic-Observatory/coki-oa-web,https://github.com/The-Academic-Observatory/coki-oa-web,.zenodo.json
ichthyop/ichthyop,https://github.com/ichthyop/ichthyop,.zenodo.json
observingClouds/pysonde,https://github.com/observingClouds/pysonde,.zenodo.json
DeepPSP/torch_ecg,https://github.com/DeepPSP/torch_ecg,.zenodo.json
NLeSC-COMPAS/compas-toolkit,https://github.com/NLeSC-COMPAS/compas-toolkit,.zenodo.json
eEcoLiDAR/laserchicken,https://github.com/eEcoLiDAR/laserchicken,.zenodo.json
docuracy/IndexVillaris1680,https://github.com/docuracy/IndexVillaris1680,.zenodo.json
GalKepler/dmriprep_bak,https://github.com/GalKepler/dmriprep_bak,.zenodo.json
ichthyop/ichthyop-python,https://github.com/ichthyop/ichthyop-python,.zenodo.json
NamanJangid/TensorFlow,https://github.com/NamanJangid/TensorFlow,.zenodo.json
SoftwareSystemsLaboratory/prime-badges,https://github.com/SoftwareSystemsLaboratory/prime-badges,.zenodo.json
unifhy-org/unifhy,https://github.com/unifhy-org/unifhy,.zenodo.json
au-research/datacite-api-notebook,https://github.com/au-research/datacite-api-notebook,.zenodo.json
github/stack-graphs,https://github.com/github/stack-graphs,.zenodo.json
AstroAccelerateOrg/astro-accelerate,https://github.com/AstroAccelerateOrg/astro-accelerate,.zenodo.json
rknx/prok-snptree,https://github.com/rknx/prok-snptree,.zenodo.json
kandolfp/ws22-ulg-python-git-docker,https://github.com/kandolfp/ws22-ulg-python-git-docker,.zenodo.json
automaticanalysis/automaticanalysis,https://github.com/automaticanalysis/automaticanalysis,.zenodo.json
JuliaSmoothOptimizers/LLSModels.jl,https://github.com/JuliaSmoothOptimizers/LLSModels.jl,.zenodo.json
SoftwareSystemsLaboratory/prime-issues,https://github.com/SoftwareSystemsLaboratory/prime-issues,.zenodo.json
codecheckers/codecheck,https://github.com/codecheckers/codecheck,.zenodo.json
gfbio/gfbio-data-search,https://github.com/gfbio/gfbio-data-search,.zenodo.json
openbraininstitute/BluePyEfe,https://github.com/openbraininstitute/BluePyEfe,.zenodo.json
GooglingTheCancerGenome/sv-channels,https://github.com/GooglingTheCancerGenome/sv-channels,.zenodo.json
SoftwareSystemsLaboratory/prime-bus-factor,https://github.com/SoftwareSystemsLaboratory/prime-bus-factor,.zenodo.json
sequgen/sequgen,https://github.com/sequgen/sequgen,.zenodo.json
snape/AVO2,https://github.com/snape/AVO2,.zenodo.json
3D-e-Chem/knime-modified-tanimoto,https://github.com/3D-e-Chem/knime-modified-tanimoto,.zenodo.json
beamopticsanalysis/cpymadtools,https://github.com/beamopticsanalysis/cpymadtools,.zenodo.json
3D-e-Chem/knime-klifs,https://github.com/3D-e-Chem/knime-klifs,.zenodo.json
3D-e-Chem/knime-pharmacophore,https://github.com/3D-e-Chem/knime-pharmacophore,.zenodo.json
3D-e-Chem/knime-molviewer,https://github.com/3D-e-Chem/knime-molviewer,.zenodo.json
3D-e-Chem/knime-silicos-it,https://github.com/3D-e-Chem/knime-silicos-it,.zenodo.json
inbo/flandersqmd-website,https://github.com/inbo/flandersqmd-website,.zenodo.json
mgcooper/baseflow,https://github.com/mgcooper/baseflow,.zenodo.json
OSeMOSYS/otoole,https://github.com/OSeMOSYS/otoole,.zenodo.json
copasi/basico,https://github.com/copasi/basico,.zenodo.json
NFDI4BIOIMAGE/BHG2023-OMERO-ARC,https://github.com/NFDI4BIOIMAGE/BHG2023-OMERO-ARC,.zenodo.json
bjmorgan/py-sc-fermi,https://github.com/bjmorgan/py-sc-fermi,.zenodo.json
SoftwareSystemsLaboratory/prime-github-repository-searcher,https://github.com/SoftwareSystemsLaboratory/prime-github-repository-searcher,.zenodo.json
scipp-atlas/mapyde,https://github.com/scipp-atlas/mapyde,.zenodo.json
sourcegraph-testing/pinned-tensorflow,https://github.com/sourcegraph-testing/pinned-tensorflow,.zenodo.json
apecosm/python-apecosm,https://github.com/apecosm/python-apecosm,.zenodo.json
Cloud-SPAN/04genomics,https://github.com/Cloud-SPAN/04genomics,.zenodo.json
AMReX-Astro/MAESTROeX,https://github.com/AMReX-Astro/MAESTROeX,.zenodo.json
hal4stvf/a-first-pntfx-project,https://github.com/hal4stvf/a-first-pntfx-project,.zenodo.json
virgesmith/neworder,https://github.com/virgesmith/neworder,.zenodo.json
jacbel/virtem_code,https://github.com/jacbel/virtem_code,.zenodo.json
AltamarMx/co2,https://github.com/AltamarMx/co2,.zenodo.json
parallelwindfarms/byteparsing,https://github.com/parallelwindfarms/byteparsing,.zenodo.json
JuliaSmoothOptimizers/JSOSolvers.jl,https://github.com/JuliaSmoothOptimizers/JSOSolvers.jl,.zenodo.json
Maarten-vd-Sande/qnorm,https://github.com/Maarten-vd-Sande/qnorm,.zenodo.json
JuliaSmoothOptimizers/NLSProblems.jl,https://github.com/JuliaSmoothOptimizers/NLSProblems.jl,.zenodo.json
zenodraft/action,https://github.com/zenodraft/action,.zenodo.json
MintonGroup/swiftest,https://github.com/MintonGroup/swiftest,.zenodo.json
SoftwareSystemsLaboratory/prime,https://github.com/SoftwareSystemsLaboratory/prime,.zenodo.json
SchmidtDSE/afscgap,https://github.com/SchmidtDSE/afscgap,.zenodo.json
key4hep/k4Clue,https://github.com/key4hep/k4Clue,.zenodo.json
U-Alberta/ADaPT-ML,https://github.com/U-Alberta/ADaPT-ML,.zenodo.json
QEC-pages/QDistRnd,https://github.com/QEC-pages/QDistRnd,.zenodo.json
bramvandijk88/cacatoo,https://github.com/bramvandijk88/cacatoo,.zenodo.json
skypyproject/skypy,https://github.com/skypyproject/skypy,.zenodo.json
lgloege/zenodopy,https://github.com/lgloege/zenodopy,.zenodo.json
goblint/analyzer,https://github.com/goblint/analyzer,.zenodo.json
remsens-lim/pyMakeRetrieval,https://github.com/remsens-lim/pyMakeRetrieval,.zenodo.json
TRASAL/frbcatdb,https://github.com/TRASAL/frbcatdb,.zenodo.json
Deltares/hydromt,https://github.com/Deltares/hydromt,.zenodo.json
inbo/inborutils,https://github.com/inbo/inborutils,.zenodo.json
SoftwareSystemsLaboratory/prime-json-converter,https://github.com/SoftwareSystemsLaboratory/prime-json-converter,.zenodo.json
Cloud-SPAN/cloud-admin-guide-2-managing-aws-instances,https://github.com/Cloud-SPAN/cloud-admin-guide-2-managing-aws-instances,.zenodo.json
ComputationalScienceLaboratory/ODE-Test-Problems,https://github.com/ComputationalScienceLaboratory/ODE-Test-Problems,.zenodo.json
Cloud-SPAN/cloud-admin-guide-0-overview,https://github.com/Cloud-SPAN/cloud-admin-guide-0-overview,.zenodo.json
CLIMADA-project/climada_petals,https://github.com/CLIMADA-project/climada_petals,.zenodo.json
cta-observatory/ctapipe_io_lst,https://github.com/cta-observatory/ctapipe_io_lst,.zenodo.json
cylammarco/ASPIRED,https://github.com/cylammarco/ASPIRED,.zenodo.json
nawrs/nawrs,https://github.com/nawrs/nawrs,.zenodo.json
JuDFTteam/aiida-kkr,https://github.com/JuDFTteam/aiida-kkr,.zenodo.json
Southern-Cross-Plant-Science/GATK-Parabricks_benchmarking_Gadi_NCI,https://github.com/Southern-Cross-Plant-Science/GATK-Parabricks_benchmarking_Gadi_NCI,.zenodo.json
ay-lab/GhmCN,https://github.com/ay-lab/GhmCN,.zenodo.json
Princeton-CDH/lenape-timetree,https://github.com/Princeton-CDH/lenape-timetree,.zenodo.json
telota/lebenswelten,https://github.com/telota/lebenswelten,.zenodo.json
hot-dogs/whots17-data-report,https://github.com/hot-dogs/whots17-data-report,.zenodo.json
cldf-datasets/gramadapt,https://github.com/cldf-datasets/gramadapt,.zenodo.json
JuliaSmoothOptimizers/NLPModelsModifiers.jl,https://github.com/JuliaSmoothOptimizers/NLPModelsModifiers.jl,.zenodo.json
Deltares/xugrid,https://github.com/Deltares/xugrid,.zenodo.json
BlueBrain/EModelRunner,https://github.com/BlueBrain/EModelRunner,.zenodo.json
NTIA/p2108-python,https://github.com/NTIA/p2108-python,.zenodo.json
DOI-USGS/ISIS3,https://github.com/DOI-USGS/ISIS3,.zenodo.json
citation-file-format/cffconvert,https://github.com/citation-file-format/cffconvert,.zenodo.json
juseg/hyoga,https://github.com/juseg/hyoga,.zenodo.json
spawaskar-cora/cora-docs,https://github.com/spawaskar-cora/cora-docs,.zenodo.json
ScorpionBytes/G-tensorflow,https://github.com/ScorpionBytes/G-tensorflow,.zenodo.json
datacarpentry/sql-socialsci,https://github.com/datacarpentry/sql-socialsci,.zenodo.json
datacarpentry/openrefine-socialsci,https://github.com/datacarpentry/openrefine-socialsci,.zenodo.json
UoMResearchIT/matlab-novice,https://github.com/UoMResearchIT/matlab-novice,.zenodo.json
CouncilDataProject/speakerbox,https://github.com/CouncilDataProject/speakerbox,.zenodo.json
NLeSC/nlesc-serverless-boilerplate,https://github.com/NLeSC/nlesc-serverless-boilerplate,.zenodo.json
openwashdata/portawaterperu,https://github.com/openwashdata/portawaterperu,.zenodo.json
datacarpentry/spreadsheets-socialsci,https://github.com/datacarpentry/spreadsheets-socialsci,.zenodo.json
ESMValGroup/ESMValCore,https://github.com/ESMValGroup/ESMValCore,.zenodo.json
CentipedeRTK/docs-centipedeRTK,https://github.com/CentipedeRTK/docs-centipedeRTK,.zenodo.json
ThierryO/qrcode,https://github.com/ThierryO/qrcode,.zenodo.json
cnpem/ssc-raft,https://github.com/cnpem/ssc-raft,.zenodo.json
jveitchmichaelis/rascal,https://github.com/jveitchmichaelis/rascal,.zenodo.json
chromium-cheri/tflite,https://github.com/chromium-cheri/tflite,.zenodo.json
victoriyaforsythe/PyIRTAM,https://github.com/victoriyaforsythe/PyIRTAM,.zenodo.json
bjmorgan/bsym,https://github.com/bjmorgan/bsym,.zenodo.json
bengmend/TensorFlow,https://github.com/bengmend/TensorFlow,.zenodo.json
nlesc-nano/swan,https://github.com/nlesc-nano/swan,.zenodo.json
igraph/igraph,https://github.com/igraph/igraph,.zenodo.json
PermutaTriangle/comb_spec_searcher,https://github.com/PermutaTriangle/comb_spec_searcher,.zenodo.json
Ouranosinc/ESPO-G,https://github.com/Ouranosinc/ESPO-G,.zenodo.json
LSSTDESC/DC2_stellar_masks,https://github.com/LSSTDESC/DC2_stellar_masks,.zenodo.json
hail-is/hail,https://github.com/hail-is/hail,.zenodo.json
FelixHenninger/lab.js,https://github.com/FelixHenninger/lab.js,.zenodo.json
OSC/ondemand,https://github.com/OSC/ondemand,.zenodo.json
florian-huber/python-template,https://github.com/florian-huber/python-template,.zenodo.json
NLeSC/litstudy,https://github.com/NLeSC/litstudy,.zenodo.json
merijn/Belewitte,https://github.com/merijn/Belewitte,.zenodo.json
codeninja9x/tensorflow,https://github.com/codeninja9x/tensorflow,.zenodo.json
Farhad-phd/Older_JSOSolvers.jl,https://github.com/Farhad-phd/Older_JSOSolvers.jl,.zenodo.json
weecology/DeepForest,https://github.com/weecology/DeepForest,.zenodo.json
phenology/cgc,https://github.com/phenology/cgc,.zenodo.json
pastas/pastas,https://github.com/pastas/pastas,.zenodo.json
PCMDI/cmor,https://github.com/PCMDI/cmor,.zenodo.json
ESMValGroup/ESMValTool,https://github.com/ESMValGroup/ESMValTool,.zenodo.json
carbonplan/cdr-database,https://github.com/carbonplan/cdr-database,.zenodo.json
stajichlab/AAFTF,https://github.com/stajichlab/AAFTF,.zenodo.json
IMMM-SFA/mosartwmpy,https://github.com/IMMM-SFA/mosartwmpy,.zenodo.json
tortellini-tools/action,https://github.com/tortellini-tools/action,.zenodo.json
cy2016-1/tensorflow,https://github.com/cy2016-1/tensorflow,.zenodo.json
CLOVER-energy/CLOVER-GUI,https://github.com/CLOVER-energy/CLOVER-GUI,.zenodo.json
SoftwareSystemsLaboratory/template-academic-repo,https://github.com/SoftwareSystemsLaboratory/template-academic-repo,.zenodo.json
CouncilDataProject/cookiecutter-cdp-deployment,https://github.com/CouncilDataProject/cookiecutter-cdp-deployment,.zenodo.json
LibraryCarpentry/lc-spreadsheets,https://github.com/LibraryCarpentry/lc-spreadsheets,.zenodo.json
PatristicTextArchive/Schema,https://github.com/PatristicTextArchive/Schema,.zenodo.json
fair-software/fairtally,https://github.com/fair-software/fairtally,.zenodo.json
LIMUNIMI/SAMPLE,https://github.com/LIMUNIMI/SAMPLE,.zenodo.json
peterjc/q2-thapbi-pict,https://github.com/peterjc/q2-thapbi-pict,.zenodo.json
BioRDM/COVID-Wastewater-Scotland,https://github.com/BioRDM/COVID-Wastewater-Scotland,.zenodo.json
josephzhang0701/acts_v30,https://github.com/josephzhang0701/acts_v30,.zenodo.json
Chandra-MARX/marxs,https://github.com/Chandra-MARX/marxs,.zenodo.json
ramkotirk/torchio,https://github.com/ramkotirk/torchio,.zenodo.json
RISPaDD/biospecdb,https://github.com/RISPaDD/biospecdb,.zenodo.json
fair-workflows/nanopub,https://github.com/fair-workflows/nanopub,.zenodo.json
lawrencepj1/CESM2.1.5-CLM5-New-Land-Use,https://github.com/lawrencepj1/CESM2.1.5-CLM5-New-Land-Use,.zenodo.json
myzha0/fastflow-tensorflow,https://github.com/myzha0/fastflow-tensorflow,.zenodo.json
arm61/pylj,https://github.com/arm61/pylj,.zenodo.json
engeir/volcano-data-deconvolution,https://github.com/engeir/volcano-data-deconvolution,.zenodo.json
RS-DAT/JupyterDaskOnSLURM,https://github.com/RS-DAT/JupyterDaskOnSLURM,.zenodo.json
LidkeLab/smite,https://github.com/LidkeLab/smite,.zenodo.json
DCMLab/debussy_pour_le_piano,https://github.com/DCMLab/debussy_pour_le_piano,.zenodo.json
DCMLab/debussy_childrens_corner,https://github.com/DCMLab/debussy_childrens_corner,.zenodo.json
DCMLab/debussy_estampes,https://github.com/DCMLab/debussy_estampes,.zenodo.json
DCMLab/debussy_etudes,https://github.com/DCMLab/debussy_etudes,.zenodo.json
DCMLab/debussy_images,https://github.com/DCMLab/debussy_images,.zenodo.json
DCMLab/debussy_preludes,https://github.com/DCMLab/debussy_preludes,.zenodo.json
pyet-org/pyet,https://github.com/pyet-org/pyet,.zenodo.json
DCMLab/debussy_deux_arabesques,https://github.com/DCMLab/debussy_deux_arabesques,.zenodo.json
JuliaSmoothOptimizers/SolverTest.jl,https://github.com/JuliaSmoothOptimizers/SolverTest.jl,.zenodo.json
hitontology/ontology,https://github.com/hitontology/ontology,.zenodo.json
HOOU-TUHH/Pontifex-Hugo,https://github.com/HOOU-TUHH/Pontifex-Hugo,.zenodo.json
JuliaSmoothOptimizers/Percival.jl,https://github.com/JuliaSmoothOptimizers/Percival.jl,.zenodo.json
DCMLab/debussy_other_piano_pieces,https://github.com/DCMLab/debussy_other_piano_pieces,.zenodo.json
DCMLab/debussy_piano,https://github.com/DCMLab/debussy_piano,.zenodo.json
lnnrtwttkhn/version-control-book,https://github.com/lnnrtwttkhn/version-control-book,.zenodo.json
LibraryCarpentry/lc-data-intro,https://github.com/LibraryCarpentry/lc-data-intro,.zenodo.json
Badalkush25/tensorflow,https://github.com/Badalkush25/tensorflow,.zenodo.json
JuliaSmoothOptimizers/SolverBenchmark.jl,https://github.com/JuliaSmoothOptimizers/SolverBenchmark.jl,.zenodo.json
PeezoSlug/tensorgrow,https://github.com/PeezoSlug/tensorgrow,.zenodo.json
matchms/ms2deepscore,https://github.com/matchms/ms2deepscore,.zenodo.json
3D-e-Chem/knime-testflow,https://github.com/3D-e-Chem/knime-testflow,.zenodo.json
fmcnab/meltPT,https://github.com/fmcnab/meltPT,.zenodo.json
savemylife1209/tensorflow-nightly,https://github.com/savemylife1209/tensorflow-nightly,.zenodo.json
PetervanLunteren/EcoAssist-experiments,https://github.com/PetervanLunteren/EcoAssist-experiments,.zenodo.json
OleMussmann/DataSharing,https://github.com/OleMussmann/DataSharing,.zenodo.json
sandialabs/Polymers,https://github.com/sandialabs/Polymers,.zenodo.json
FAIR-by-Design-Methodology/FAIR-by-Design_ToT,https://github.com/FAIR-by-Design-Methodology/FAIR-by-Design_ToT,.zenodo.json
NTIA/p528-gui,https://github.com/NTIA/p528-gui,.zenodo.json
dftlibs/numgrid,https://github.com/dftlibs/numgrid,.zenodo.json
swe-train/huggingface__datasets,https://github.com/swe-train/huggingface__datasets,.zenodo.json
swe-train/iterative__dvc,https://github.com/swe-train/iterative__dvc,.zenodo.json
The-Academic-Observatory/oaebu-workflows,https://github.com/The-Academic-Observatory/oaebu-workflows,.zenodo.json
Aarhus-Psychiatry-Research/timeseriesflattener,https://github.com/Aarhus-Psychiatry-Research/timeseriesflattener,.zenodo.json
9tGSXv4/Wu97Rz4Y,https://github.com/9tGSXv4/Wu97Rz4Y,.zenodo.json
iomega/spec2vec,https://github.com/iomega/spec2vec,.zenodo.json
casperfibaek/buteo,https://github.com/casperfibaek/buteo,.zenodo.json
afrigeri/pix2vec,https://github.com/afrigeri/pix2vec,.zenodo.json
ssec-jhu/evolver-ng,https://github.com/ssec-jhu/evolver-ng,.zenodo.json
The-Academic-Observatory/observatory-platform,https://github.com/The-Academic-Observatory/observatory-platform,.zenodo.json
breviloquia-italica/frustum,https://github.com/breviloquia-italica/frustum,.zenodo.json
HOA-2/SubcorticalParcellations,https://github.com/HOA-2/SubcorticalParcellations,.zenodo.json
engyasin/Offline_MOT,https://github.com/engyasin/Offline_MOT,.zenodo.json
JuliaSmoothOptimizers/OptimizationProblems.jl,https://github.com/JuliaSmoothOptimizers/OptimizationProblems.jl,.zenodo.json
cicirello/ZigguratGaussian,https://github.com/cicirello/ZigguratGaussian,.zenodo.json
cid02196416/Polytunnel-PV,https://github.com/cid02196416/Polytunnel-PV,.zenodo.json
kaapana/kaapana,https://github.com/kaapana/kaapana,.zenodo.json
NLeSC/mcfly,https://github.com/NLeSC/mcfly,.zenodo.json
csrc-sdsu/mole,https://github.com/csrc-sdsu/mole,.zenodo.json
castelao/OceanColor,https://github.com/castelao/OceanColor,.zenodo.json
radionets-project/radionets,https://github.com/radionets-project/radionets,.zenodo.json
variPEPS/variPEPS_Python,https://github.com/variPEPS/variPEPS_Python,.zenodo.json
JuliaSmoothOptimizers/SolverCore.jl,https://github.com/JuliaSmoothOptimizers/SolverCore.jl,.zenodo.json
ConorMacBride/mcalf,https://github.com/ConorMacBride/mcalf,.zenodo.json
UUDigitalHumanitieslab/panel-randomizer,https://github.com/UUDigitalHumanitieslab/panel-randomizer,.zenodo.json
PTB-SR/ocdb,https://github.com/PTB-SR/ocdb,.zenodo.json
openbraininstitute/eFEL,https://github.com/openbraininstitute/eFEL,.zenodo.json
MirjamSchr/nmraspecds,https://github.com/MirjamSchr/nmraspecds,.zenodo.json
inbo/multimput,https://github.com/inbo/multimput,.zenodo.json
alpa-projects/tensorflow-alpa,https://github.com/alpa-projects/tensorflow-alpa,.zenodo.json
inbo/mbag-mas,https://github.com/inbo/mbag-mas,.zenodo.json
ThierryO/abvtest,https://github.com/ThierryO/abvtest,.zenodo.json
JuliaSmoothOptimizers/NLPModelsIpopt.jl,https://github.com/JuliaSmoothOptimizers/NLPModelsIpopt.jl,.zenodo.json
openwashdata/saniabidjan,https://github.com/openwashdata/saniabidjan,.zenodo.json
cgentemann/2020_FluxSat_MDPI_RemoteSensing,https://github.com/cgentemann/2020_FluxSat_MDPI_RemoteSensing,.zenodo.json
niaid/imaris_extensions,https://github.com/niaid/imaris_extensions,.zenodo.json
openair-collective/openair-epiphyte,https://github.com/openair-collective/openair-epiphyte,.zenodo.json
sandialabs/statMechCrack,https://github.com/sandialabs/statMechCrack,.zenodo.json
NASA-PDS/peppi,https://github.com/NASA-PDS/peppi,.zenodo.json
hansvancalster/testzenodojson,https://github.com/hansvancalster/testzenodojson,.zenodo.json
smarie/python-m5p,https://github.com/smarie/python-m5p,.zenodo.json
SoftwareSystemsLaboratory/prime-issue-density,https://github.com/SoftwareSystemsLaboratory/prime-issue-density,.zenodo.json
JuliaSmoothOptimizers/AmplNLReader.jl,https://github.com/JuliaSmoothOptimizers/AmplNLReader.jl,.zenodo.json
kalab-oto/testing_zenodo_integration,https://github.com/kalab-oto/testing_zenodo_integration,.zenodo.json
n-szulc/lysine_deserts,https://github.com/n-szulc/lysine_deserts,.zenodo.json
Munroe-Meyer-Institute-VR-Laboratory/Biosensor-Framework,https://github.com/Munroe-Meyer-Institute-VR-Laboratory/Biosensor-Framework,.zenodo.json
arnikz/PIQMIe,https://github.com/arnikz/PIQMIe,.zenodo.json
filipsPL/degronopedia-ml-psi,https://github.com/filipsPL/degronopedia-ml-psi,.zenodo.json
filipsPL/fingernat-pymol-plugin,https://github.com/filipsPL/fingernat-pymol-plugin,.zenodo.json
inbo/mbag-monipolli,https://github.com/inbo/mbag-monipolli,.zenodo.json
inbo/grtsdb,https://github.com/inbo/grtsdb,.zenodo.json
inbo/strandvegetatie,https://github.com/inbo/strandvegetatie,.zenodo.json
inbo/inbodb,https://github.com/inbo/inbodb,.zenodo.json
inbo/n2khelper,https://github.com/inbo/n2khelper,.zenodo.json
TorchIO-project/torchio,https://github.com/TorchIO-project/torchio,.zenodo.json
NTIA/p2108,https://github.com/NTIA/p2108,.zenodo.json
JuliaSmoothOptimizers/QuadraticModels.jl,https://github.com/JuliaSmoothOptimizers/QuadraticModels.jl,.zenodo.json
JuliaSmoothOptimizers/NLPModelsTest.jl,https://github.com/JuliaSmoothOptimizers/NLPModelsTest.jl,.zenodo.json
TUDelftGeodesy/stmtools,https://github.com/TUDelftGeodesy/stmtools,.zenodo.json
inbo/inlatools,https://github.com/inbo/inlatools,.zenodo.json
blairhudson/fastapi-agents,https://github.com/blairhudson/fastapi-agents,.zenodo.json
SoftwareSystemsLaboratory/prime-issue-spoilage,https://github.com/SoftwareSystemsLaboratory/prime-issue-spoilage,.zenodo.json
open-atmos/PyMPDATA-MPI,https://github.com/open-atmos/PyMPDATA-MPI,.zenodo.json
acts-project/acts,https://github.com/acts-project/acts,.zenodo.json
arm61/uravu,https://github.com/arm61/uravu,.zenodo.json
rickstaa/panda-gazebo,https://github.com/rickstaa/panda-gazebo,.zenodo.json
PhilippVerpoort/posted,https://github.com/PhilippVerpoort/posted,.zenodo.json
fmalmeida/ngs-preprocess,https://github.com/fmalmeida/ngs-preprocess,.zenodo.json
PatristicTextArchive/pta_metadata,https://github.com/PatristicTextArchive/pta_metadata,.zenodo.json
ElkeDeZitter/Xtrapol8,https://github.com/ElkeDeZitter/Xtrapol8,.zenodo.json
Imageomics/pybioclip,https://github.com/Imageomics/pybioclip,.zenodo.json
paolodeangelis/Enhancing_ReaxFF_DFT_database,https://github.com/paolodeangelis/Enhancing_ReaxFF_DFT_database,.zenodo.json
PySCeS/pysces,https://github.com/PySCeS/pysces,.zenodo.json
inbo/inbospatial,https://github.com/inbo/inbospatial,.zenodo.json
NTIA/5G_Aerial_RF_Radiation_Data,https://github.com/NTIA/5G_Aerial_RF_Radiation_Data,.zenodo.json
premAI-io/state-of-open-source-ai,https://github.com/premAI-io/state-of-open-source-ai,.zenodo.json
sblauth/cashocs,https://github.com/sblauth/cashocs,.zenodo.json
Imageomics/Andromeda,https://github.com/Imageomics/Andromeda,.zenodo.json
ocean-eddy-cpt/gcm-filters,https://github.com/ocean-eddy-cpt/gcm-filters,.zenodo.json
GeoFLAC/DynEarthSol,https://github.com/GeoFLAC/DynEarthSol,.zenodo.json
gordonshumwayalf/tenzor,https://github.com/gordonshumwayalf/tenzor,.zenodo.json
dakiefer/GEWtool,https://github.com/dakiefer/GEWtool,.zenodo.json
eschnett/MPIwrapper,https://github.com/eschnett/MPIwrapper,.zenodo.json
eschnett/MPItrampoline,https://github.com/eschnett/MPItrampoline,.zenodo.json
CreoleHustle/TensorFlow,https://github.com/CreoleHustle/TensorFlow,.zenodo.json
ssec-jhu/bluephos,https://github.com/ssec-jhu/bluephos,.zenodo.json
JunwooParkSaribu/FreeTrace,https://github.com/JunwooParkSaribu/FreeTrace,.zenodo.json
funecology/fundiversity,https://github.com/funecology/fundiversity,.zenodo.json
4DNucleome/PartSeg,https://github.com/4DNucleome/PartSeg,.zenodo.json
DeepRank/pdb2sql,https://github.com/DeepRank/pdb2sql,.zenodo.json
CLOVER-energy/Polytunnel-PV,https://github.com/CLOVER-energy/Polytunnel-PV,.zenodo.json
ropensci/ReLTER,https://github.com/ropensci/ReLTER,.zenodo.json
kaleid-liner/tensorflow,https://github.com/kaleid-liner/tensorflow,.zenodo.json
iterative/dvc,https://github.com/iterative/dvc,.zenodo.json
amberbiology/scribl,https://github.com/amberbiology/scribl,.zenodo.json
JuliaSmoothOptimizers/LinearOperators.jl,https://github.com/JuliaSmoothOptimizers/LinearOperators.jl,.zenodo.json
snikproject/ontology,https://github.com/snikproject/ontology,.zenodo.json
DCMLab/ABC,https://github.com/DCMLab/ABC,.zenodo.json
inbo/INBOmd,https://github.com/inbo/INBOmd,.zenodo.json
DCMLab/mozart_piano_sonatas,https://github.com/DCMLab/mozart_piano_sonatas,.zenodo.json
KernelTuner/kernel_float,https://github.com/KernelTuner/kernel_float,.zenodo.json
JuliaSmoothOptimizers/LimitedLDLFactorizations.jl,https://github.com/JuliaSmoothOptimizers/LimitedLDLFactorizations.jl,.zenodo.json
manaakiwhenua/nzsluc,https://github.com/manaakiwhenua/nzsluc,.zenodo.json
SALib/SALib,https://github.com/SALib/SALib,.zenodo.json
mrbuche/conspire.rs,https://github.com/mrbuche/conspire.rs,.zenodo.json
DCMLab/liszt_pelerinage,https://github.com/DCMLab/liszt_pelerinage,.zenodo.json
inbo/n2kanalysis,https://github.com/inbo/n2kanalysis,.zenodo.json
dineshpinto/qudi-hira-analysis,https://github.com/dineshpinto/qudi-hira-analysis,.zenodo.json
quantum-label/quantum_labelling_tool,https://github.com/quantum-label/quantum_labelling_tool,.zenodo.json
psychoinformatics-de/datalad-tabby,https://github.com/psychoinformatics-de/datalad-tabby,.zenodo.json
EzEKiEL86655/WVHXYUY,https://github.com/EzEKiEL86655/WVHXYUY,.zenodo.json
open-atmos/PySDM,https://github.com/open-atmos/PySDM,.zenodo.json
morph-kgc/morph-kgc,https://github.com/morph-kgc/morph-kgc,.zenodo.json
EdoardoCostantini/Dataverse-Upload-Experiement,https://github.com/EdoardoCostantini/Dataverse-Upload-Experiement,.zenodo.json
tobyhodges/supreme-doodle,https://github.com/tobyhodges/supreme-doodle,.zenodo.json
kalab-oto/zoraptera-occurrence-dataset,https://github.com/kalab-oto/zoraptera-occurrence-dataset,.zenodo.json
NorESMhub/noresm-land-sites-platform,https://github.com/NorESMhub/noresm-land-sites-platform,.zenodo.json
trixi-framework/HOHQMesh,https://github.com/trixi-framework/HOHQMesh,.zenodo.json
PhilippVerpoort/green-value-chains,https://github.com/PhilippVerpoort/green-value-chains,.zenodo.json
johentsch/389_chorale_settings,https://github.com/johentsch/389_chorale_settings,.zenodo.json
bast/runtest,https://github.com/bast/runtest,.zenodo.json
inbo/flandersqmd-book,https://github.com/inbo/flandersqmd-book,.zenodo.json
hpsc-lab/OpenFHE.jl,https://github.com/hpsc-lab/OpenFHE.jl,.zenodo.json
paolodeangelis/Enhancing_ReaxFF,https://github.com/paolodeangelis/Enhancing_ReaxFF,.zenodo.json
The-Academic-Observatory/academic-observatory-workflows,https://github.com/The-Academic-Observatory/academic-observatory-workflows,.zenodo.json
SimpleITK/SimpleITKUtilities,https://github.com/SimpleITK/SimpleITKUtilities,.zenodo.json
beacon-biosignals/PyMNE.jl,https://github.com/beacon-biosignals/PyMNE.jl,.zenodo.json
ecohealthalliance/GVP_Science,https://github.com/ecohealthalliance/GVP_Science,.zenodo.json
wuespace/telestion,https://github.com/wuespace/telestion,.zenodo.json
complexico/vrosenberg1853-numeral,https://github.com/complexico/vrosenberg1853-numeral,.zenodo.json
ulf1/treesimi,https://github.com/ulf1/treesimi,.zenodo.json
abelsiqueira/jill,https://github.com/abelsiqueira/jill,.zenodo.json
NTIA/LFMF-python,https://github.com/NTIA/LFMF-python,.zenodo.json
JuliaSmoothOptimizers/NLPModels.jl,https://github.com/JuliaSmoothOptimizers/NLPModels.jl,.zenodo.json
space-accountants/s2d2,https://github.com/space-accountants/s2d2,.zenodo.json
xiaoliang8006/multi_stream_v2.7.4,https://github.com/xiaoliang8006/multi_stream_v2.7.4,.zenodo.json
cienciadedatosysalud/atlas-cardio,https://github.com/cienciadedatosysalud/atlas-cardio,.zenodo.json
hidrokit/hidrokit,https://github.com/hidrokit/hidrokit,.zenodo.json
nextgenusfs/funannotate,https://github.com/nextgenusfs/funannotate,.zenodo.json
gfbio/gfbio-dmp-tool,https://github.com/gfbio/gfbio-dmp-tool,.zenodo.json
opinner/Code_to_Pinner_et_al_2025,https://github.com/opinner/Code_to_Pinner_et_al_2025,.zenodo.json
JuliaSmoothOptimizers/LDLFactorizations.jl,https://github.com/JuliaSmoothOptimizers/LDLFactorizations.jl,.zenodo.json
MindTheGap-ERC/ShellbedCondensator,https://github.com/MindTheGap-ERC/ShellbedCondensator,.zenodo.json
puregome/notebooks,https://github.com/puregome/notebooks,.zenodo.json
paolodeangelis/Energy-GNoME,https://github.com/paolodeangelis/Energy-GNoME,.zenodo.json
hot-dogs/whots18-data-report,https://github.com/hot-dogs/whots18-data-report,.zenodo.json
inbo/inbolims,https://github.com/inbo/inbolims,.zenodo.json
geodynamics/pylith,https://github.com/geodynamics/pylith,.zenodo.json
TUDelftGeodesy/sarxarray,https://github.com/TUDelftGeodesy/sarxarray,.zenodo.json
JuliaSmoothOptimizers/AMD.jl,https://github.com/JuliaSmoothOptimizers/AMD.jl,.zenodo.json
janneadolf/test-poweranalyse,https://github.com/janneadolf/test-poweranalyse,.zenodo.json
autotwin/automesh,https://github.com/autotwin/automesh,.zenodo.json
HSF/prmon,https://github.com/HSF/prmon,.zenodo.json
markheckmann/OpenRepGrid.ic,https://github.com/markheckmann/OpenRepGrid.ic,.zenodo.json
b-cubed-eu/dubicube,https://github.com/b-cubed-eu/dubicube,.zenodo.json
cryotools/matilda,https://github.com/cryotools/matilda,.zenodo.json
inbo/inbovegtypering,https://github.com/inbo/inbovegtypering,.zenodo.json
inbo/figquest,https://github.com/inbo/figquest,.zenodo.json
inbo/mbag-integrated,https://github.com/inbo/mbag-integrated,.zenodo.json
inbo/inbomd_examples,https://github.com/inbo/inbomd_examples,.zenodo.json
inbo/watervogelanalysis,https://github.com/inbo/watervogelanalysis,.zenodo.json
inbo/patrijs-steekproefkader,https://github.com/inbo/patrijs-steekproefkader,.zenodo.json
inbo/abvanalysis,https://github.com/inbo/abvanalysis,.zenodo.json
eEcoLiDAR/Laserfarm,https://github.com/eEcoLiDAR/Laserfarm,.zenodo.json
TomasZavodnik1/tensor,https://github.com/TomasZavodnik1/tensor,.zenodo.json
KingsburyLab/pyEQL,https://github.com/KingsburyLab/pyEQL,.zenodo.json
IHCantabria/NEOPRENE,https://github.com/IHCantabria/NEOPRENE,.zenodo.json
openbraininstitute/BlueCelluLab,https://github.com/openbraininstitute/BlueCelluLab,.zenodo.json
NordicHPC/sonar,https://github.com/NordicHPC/sonar,.zenodo.json
DCMLab/chopin_mazurkas,https://github.com/DCMLab/chopin_mazurkas,.zenodo.json
DCMLab/medtner_tales,https://github.com/DCMLab/medtner_tales,.zenodo.json
loostrum/arts_localisation,https://github.com/loostrum/arts_localisation,.zenodo.json
GenXProject/GenX.jl,https://github.com/GenXProject/GenX.jl,.zenodo.json
PyDMD/PyDMD,https://github.com/PyDMD/PyDMD,.zenodo.json
openbraininstitute/BluePyEModel,https://github.com/openbraininstitute/BluePyEModel,.zenodo.json
kEanU2833/EO9c4cZ2xcY,https://github.com/kEanU2833/EO9c4cZ2xcY,.zenodo.json
yonsei-sslab/asgard-tensorflow,https://github.com/yonsei-sslab/asgard-tensorflow,.zenodo.json
JuliaInterop/JuliaCall,https://github.com/JuliaInterop/JuliaCall,.zenodo.json
autotwin/figio,https://github.com/autotwin/figio,.zenodo.json
castelao/CoTeDe,https://github.com/castelao/CoTeDe,.zenodo.json
IPCC-AR7/ar7-src-fod-ch99-example_fig_repo,https://github.com/IPCC-AR7/ar7-src-fod-ch99-example_fig_repo,.zenodo.json
amusecode/amuse,https://github.com/amusecode/amuse,.zenodo.json
tensorflow/tensorflow,https://github.com/tensorflow/tensorflow,.zenodo.json
trixi-framework/HOHQMesh.jl,https://github.com/trixi-framework/HOHQMesh.jl,.zenodo.json
inbo/HabPil_inundation_R,https://github.com/inbo/HabPil_inundation_R,.zenodo.json
AlexRogalskiy/java-patterns,https://github.com/AlexRogalskiy/java-patterns,.zenodo.json
llorracc/EpiExp,https://github.com/llorracc/EpiExp,.zenodo.json
fairdataihub/FAIRshare-Docs,https://github.com/fairdataihub/FAIRshare-Docs,.zenodo.json
nmfs-opensci/zenodo-gha,https://github.com/nmfs-opensci/zenodo-gha,.zenodo.json
scikit-hep/pylhe,https://github.com/scikit-hep/pylhe,.zenodo.json
charmplusplus/charm,https://github.com/charmplusplus/charm,.zenodo.json
dakiefer/GEW_piezo_plate,https://github.com/dakiefer/GEW_piezo_plate,.zenodo.json
rickstaa/stable-gym,https://github.com/rickstaa/stable-gym,.zenodo.json
mrbuche/Conspire.jl,https://github.com/mrbuche/Conspire.jl,.zenodo.json
hpsc-lab/SecureArithmetic.jl,https://github.com/hpsc-lab/SecureArithmetic.jl,.zenodo.json
ROCm/rocprofiler-compute,https://github.com/ROCm/rocprofiler-compute,.zenodo.json
gZAk7CIb/O5h8iv3mY,https://github.com/gZAk7CIb/O5h8iv3mY,.zenodo.json
ExploreASL/ExploreASL,https://github.com/ExploreASL/ExploreASL,.zenodo.json
DeepTrackAI/DeepTrack2,https://github.com/DeepTrackAI/DeepTrack2,.zenodo.json
iYs9ZPcR/Zbpqdfld1MY,https://github.com/iYs9ZPcR/Zbpqdfld1MY,.zenodo.json
EcoJulia/Diversity.jl,https://github.com/EcoJulia/Diversity.jl,.zenodo.json
cicirello/InteractiveBinPacking,https://github.com/cicirello/InteractiveBinPacking,.zenodo.json
b-cubed-eu/impIndicator,https://github.com/b-cubed-eu/impIndicator,.zenodo.json
SATAY-LL/Transposonmapper,https://github.com/SATAY-LL/Transposonmapper,.zenodo.json
rickstaa/ros-gazebo-gym,https://github.com/rickstaa/ros-gazebo-gym,.zenodo.json
UtrechtUniversity/dataprivacyhandbook,https://github.com/UtrechtUniversity/dataprivacyhandbook,.zenodo.json
NTIA/LFMF,https://github.com/NTIA/LFMF,.zenodo.json
ACCESS-NRI/access-nri-intake-catalog,https://github.com/ACCESS-NRI/access-nri-intake-catalog,.zenodo.json
Deltares/Wflow.jl,https://github.com/Deltares/Wflow.jl,.zenodo.json
495WALKeR/XxUzcZZddY,https://github.com/495WALKeR/XxUzcZZddY,.zenodo.json
rickstaa/stable-learning-control,https://github.com/rickstaa/stable-learning-control,.zenodo.json
Curtin-Open-Knowledge-Initiative/dashboard-queries-biomedical,https://github.com/Curtin-Open-Knowledge-Initiative/dashboard-queries-biomedical,.zenodo.json
TomasZavodnik1/tensor-imx,https://github.com/TomasZavodnik1/tensor-imx,.zenodo.json
snykyzach/tensorflow,https://github.com/snykyzach/tensorflow,.zenodo.json
kinbank/goeldi,https://github.com/kinbank/goeldi,.zenodo.json
YUL932/O6s4G3Y,https://github.com/YUL932/O6s4G3Y,.zenodo.json
numba-mpi/numba-mpi,https://github.com/numba-mpi/numba-mpi,.zenodo.json
mdolab/pygeo,https://github.com/mdolab/pygeo,.zenodo.json
sib-swiss/training-collection,https://github.com/sib-swiss/training-collection,.zenodo.json
ekiefl/pooltool,https://github.com/ekiefl/pooltool,.zenodo.json
adbjesus/mooutils,https://github.com/adbjesus/mooutils,.zenodo.json
NLESC-JCER/EigenCuda,https://github.com/NLESC-JCER/EigenCuda,.zenodo.json
ESMValGroup/ESMValTool_Tutorial,https://github.com/ESMValGroup/ESMValTool_Tutorial,.zenodo.json
gterren/deep_learning_intra-hour_solar_forecasting,https://github.com/gterren/deep_learning_intra-hour_solar_forecasting,.zenodo.json
JuliaDynamics/NetworkDynamics.jl,https://github.com/JuliaDynamics/NetworkDynamics.jl,.zenodo.json
dlrznl/tensorflow1,https://github.com/dlrznl/tensorflow1,.zenodo.json
ranocha/BSeries.jl,https://github.com/ranocha/BSeries.jl,.zenodo.json
EMerySuT29199TOn/Bxshkb4w0Y,https://github.com/EMerySuT29199TOn/Bxshkb4w0Y,.zenodo.json
localgeohistoryproject/open-data,https://github.com/localgeohistoryproject/open-data,.zenodo.json
ggrecow/SQAT,https://github.com/ggrecow/SQAT,.zenodo.json
lisestork/SFB-Annotator,https://github.com/lisestork/SFB-Annotator,.zenodo.json
lexedata/lexedata,https://github.com/lexedata/lexedata,.zenodo.json
earthcube2022/ec22_mckay_etal,https://github.com/earthcube2022/ec22_mckay_etal,.zenodo.json
elixir-europe-training/ELIXIR-TrP-FAIR-training-handbook,https://github.com/elixir-europe-training/ELIXIR-TrP-FAIR-training-handbook,.zenodo.json
jUSticeb48548/Ca1SnDY5Y,https://github.com/jUSticeb48548/Ca1SnDY5Y,.zenodo.json
3D-e-Chem/kripodb,https://github.com/3D-e-Chem/kripodb,.zenodo.json
3D-e-Chem/tycho-knime-node-archetype,https://github.com/3D-e-Chem/tycho-knime-node-archetype,.zenodo.json
sib-swiss/cancer-variants-training,https://github.com/sib-swiss/cancer-variants-training,.zenodo.json
JESiAH0970/IjN0HoSgRbY,https://github.com/JESiAH0970/IjN0HoSgRbY,.zenodo.json
Met4FoF/Code,https://github.com/Met4FoF/Code,.zenodo.json
unfoldtoolbox/Unfold.jl,https://github.com/unfoldtoolbox/Unfold.jl,.zenodo.json
kratsg/itksn,https://github.com/kratsg/itksn,.zenodo.json
Cloud-SPAN/01genomics,https://github.com/Cloud-SPAN/01genomics,.zenodo.json
Cloud-SPAN/03genomics,https://github.com/Cloud-SPAN/03genomics,.zenodo.json
paulgessinger/release-test,https://github.com/paulgessinger/release-test,.zenodo.json
SWE-Gym-Raw/iterative__dvc,https://github.com/SWE-Gym-Raw/iterative__dvc,.zenodo.json
SWE-Gym-Raw/sunpy__sunpy,https://github.com/SWE-Gym-Raw/sunpy__sunpy,.zenodo.json
SWE-Gym-Raw/quantumlib__cirq,https://github.com/SWE-Gym-Raw/quantumlib__cirq,.zenodo.json
ZachHoppinen/phase-o-matic,https://github.com/ZachHoppinen/phase-o-matic,.zenodo.json
NLeSC-GO-common-infrastructure/marzipan,https://github.com/NLeSC-GO-common-infrastructure/marzipan,.zenodo.json
BLAST-WarpX/warpx,https://github.com/BLAST-WarpX/warpx,.zenodo.json
kuangzy2011/tensorflow-back20231123,https://github.com/kuangzy2011/tensorflow-back20231123,.zenodo.json
GooglingTheCancerGenome/sv-gen,https://github.com/GooglingTheCancerGenome/sv-gen,.zenodo.json
GooglingTheCancerGenome/sv-callers,https://github.com/GooglingTheCancerGenome/sv-callers,.zenodo.json
SoftwareSystemsLaboratory/prime-pipeline,https://github.com/SoftwareSystemsLaboratory/prime-pipeline,.zenodo.json
kinnala/scikit-fem,https://github.com/kinnala/scikit-fem,.zenodo.json
tadpole-share/tadpole-algorithms,https://github.com/tadpole-share/tadpole-algorithms,.zenodo.json
3D-e-Chem/knime-sygma,https://github.com/3D-e-Chem/knime-sygma,.zenodo.json
Cloud-SPAN/prenomics01-file-directories,https://github.com/Cloud-SPAN/prenomics01-file-directories,.zenodo.json
sandialabs/compadre,https://github.com/sandialabs/compadre,.zenodo.json
SoftwareSystemsLaboratory/PTMTorrent,https://github.com/SoftwareSystemsLaboratory/PTMTorrent,.zenodo.json
adbjesus/mobkp,https://github.com/adbjesus/mobkp,.zenodo.json
AndrewAnnex/SpiceyPy,https://github.com/AndrewAnnex/SpiceyPy,.zenodo.json
inbo/mbag-bodem,https://github.com/inbo/mbag-bodem,.zenodo.json
nevenjovanovic/greek-complexity,https://github.com/nevenjovanovic/greek-complexity,.zenodo.json
cienciadedatosysalud/CONCEPT-HF,https://github.com/cienciadedatosysalud/CONCEPT-HF,.zenodo.json
instamatic-dev/instamatic,https://github.com/instamatic-dev/instamatic,.zenodo.json
shizukanaskytree/tensorflow,https://github.com/shizukanaskytree/tensorflow,.zenodo.json
ci-for-research/zenodo,https://github.com/ci-for-research/zenodo,.zenodo.json
gfbio/gfbio-data-submission,https://github.com/gfbio/gfbio-data-submission,.zenodo.json
jmetteUni/CoTeDe-modified,https://github.com/jmetteUni/CoTeDe-modified,.zenodo.json
NTIA/p528,https://github.com/NTIA/p528,.zenodo.json
RECeSS-EU-Project/stanscofi,https://github.com/RECeSS-EU-Project/stanscofi,.zenodo.json
gterren/girasol_repository_processing_files,https://github.com/gterren/girasol_repository_processing_files,.zenodo.json
gunnarvoet/sp-data-archive-mp,https://github.com/gunnarvoet/sp-data-archive-mp,.zenodo.json
gunnarvoet/sp-data-archive-towyo,https://github.com/gunnarvoet/sp-data-archive-towyo,.zenodo.json
FZJ-JSC/jubench,https://github.com/FZJ-JSC/jubench,.zenodo.json
swcarpentry/matlab-novice-inflammation,https://github.com/swcarpentry/matlab-novice-inflammation,.zenodo.json
tadpole-share/jupyter,https://github.com/tadpole-share/jupyter,.zenodo.json
hapi-server/client-python,https://github.com/hapi-server/client-python,.zenodo.json
ssec-jhu/snaptron-query,https://github.com/ssec-jhu/snaptron-query,.zenodo.json
UB-Mannheim/reichsanzeiger-gt,https://github.com/UB-Mannheim/reichsanzeiger-gt,.zenodo.json
hot-dogs/whots16-data-report,https://github.com/hot-dogs/whots16-data-report,.zenodo.json
johnryt/GLOMBO_github,https://github.com/johnryt/GLOMBO_github,.zenodo.json
ivory-tower-private-power/sirup,https://github.com/ivory-tower-private-power/sirup,.zenodo.json
tilsCfqQ/BFQVuEI3Y,https://github.com/tilsCfqQ/BFQVuEI3Y,.zenodo.json
citation-file-format/cff-initializer-javascript-v1,https://github.com/citation-file-format/cff-initializer-javascript-v1,.zenodo.json
entangled/entangled,https://github.com/entangled/entangled,.zenodo.json
clowder-framework/clowder,https://github.com/clowder-framework/clowder,.zenodo.json
KernelTuner/kernel_tuner,https://github.com/KernelTuner/kernel_tuner,.zenodo.json
JonasSchweiger/GenX_Jonas,https://github.com/JonasSchweiger/GenX_Jonas,.zenodo.json
caltechlibrary/data-carpentry-R-ecology-lesson,https://github.com/caltechlibrary/data-carpentry-R-ecology-lesson,.zenodo.json
psu-inversion/co2_flux_error_correlation_analysis,https://github.com/psu-inversion/co2_flux_error_correlation_analysis,.zenodo.json
medialab/minet,https://github.com/medialab/minet,.zenodo.json
opensciency/sprint-content,https://github.com/opensciency/sprint-content,.zenodo.json
wyleyr/hankel1867tr,https://github.com/wyleyr/hankel1867tr,.zenodo.json
RETURN-project/BenchmarkRecovery,https://github.com/RETURN-project/BenchmarkRecovery,.zenodo.json
nci/scores,https://github.com/nci/scores,.zenodo.json
datalad/datalad-next,https://github.com/datalad/datalad-next,.zenodo.json
gterren/girasol_machine,https://github.com/gterren/girasol_machine,.zenodo.json
MerginMaps/mobile,https://github.com/MerginMaps/mobile,.zenodo.json
Cloud-SPAN/00genomics,https://github.com/Cloud-SPAN/00genomics,.zenodo.json
fairdataihub/FAIRshare,https://github.com/fairdataihub/FAIRshare,.zenodo.json
cylammarco/WDPhotTools,https://github.com/cylammarco/WDPhotTools,.zenodo.json
braph-software/BRAPH-2,https://github.com/braph-software/BRAPH-2,.zenodo.json
b-cubed-eu/comp-unstructured-data,https://github.com/b-cubed-eu/comp-unstructured-data,.zenodo.json
eWaterCycle/recipes_auxiliary_datasets,https://github.com/eWaterCycle/recipes_auxiliary_datasets,.zenodo.json
Princeton-CDH/ppa-django,https://github.com/Princeton-CDH/ppa-django,.zenodo.json
GLEON/kgml_waterbody-area,https://github.com/GLEON/kgml_waterbody-area,.zenodo.json
b-cubed-eu/gcube,https://github.com/b-cubed-eu/gcube,.zenodo.json
nlesc-calls/2021-test,https://github.com/nlesc-calls/2021-test,.zenodo.json
citation-file-format/doi2cff,https://github.com/citation-file-format/doi2cff,.zenodo.json
platipodium/vinos,https://github.com/platipodium/vinos,.zenodo.json
NLeSC/structure-from-motion,https://github.com/NLeSC/structure-from-motion,.zenodo.json
epodium/time_series_generator,https://github.com/epodium/time_series_generator,.zenodo.json
ci-for-research/self-hosted-runners,https://github.com/ci-for-research/self-hosted-runners,.zenodo.json
sourmash-bio/sourmash,https://github.com/sourmash-bio/sourmash,.zenodo.json
Moritz-Alexander-Kern/test_JSON,https://github.com/Moritz-Alexander-Kern/test_JSON,.zenodo.json
pyrocko/lightguide,https://github.com/pyrocko/lightguide,.zenodo.json
scikit-hep/particle,https://github.com/scikit-hep/particle,.zenodo.json
huggingface/datasets,https://github.com/huggingface/datasets,.zenodo.json
datalad/datalad-gooey,https://github.com/datalad/datalad-gooey,.zenodo.json
LibraryCarpentry/lc-r,https://github.com/LibraryCarpentry/lc-r,.zenodo.json
miili/afk-filter-supplement,https://github.com/miili/afk-filter-supplement,.zenodo.json
amscanne/tensorflow,https://github.com/amscanne/tensorflow,.zenodo.json
edsml-mh1123/ar7-wg1-fod-ch99-fig99,https://github.com/edsml-mh1123/ar7-wg1-fod-ch99-fig99,.zenodo.json
Filter-Bubble/e2e-Dutch,https://github.com/Filter-Bubble/e2e-Dutch,.zenodo.json
c3s-magic/c3s-magic-wps,https://github.com/c3s-magic/c3s-magic-wps,.zenodo.json
wissen-ist-acht/twinger_chronicle_mss,https://github.com/wissen-ist-acht/twinger_chronicle_mss,.zenodo.json
pacs-ris-crawler/pacs-ris-crawler,https://github.com/pacs-ris-crawler/pacs-ris-crawler,.zenodo.json
kinbank/kinbank,https://github.com/kinbank/kinbank,.zenodo.json
dtscalibration/python-dts-calibration,https://github.com/dtscalibration/python-dts-calibration,.zenodo.json
PatristicTextArchive/pta_data,https://github.com/PatristicTextArchive/pta_data,.zenodo.json
The-Academic-Observatory/onix-parser,https://github.com/The-Academic-Observatory/onix-parser,.zenodo.json
b-cubed-eu/indicator-uncertainty,https://github.com/b-cubed-eu/indicator-uncertainty,.zenodo.json
breviloquia-italica/pipeline,https://github.com/breviloquia-italica/pipeline,.zenodo.json
snape/RVO2-Java,https://github.com/snape/RVO2-Java,.zenodo.json
snape/HRVO,https://github.com/snape/HRVO,.zenodo.json
Princeton-CDH/mep-django,https://github.com/Princeton-CDH/mep-django,.zenodo.json
JuliaManifolds/ManoptExamples.jl,https://github.com/JuliaManifolds/ManoptExamples.jl,.zenodo.json
kjgarza/nightingale,https://github.com/kjgarza/nightingale,.zenodo.json
eWaterCycle/jupyterlab_thredds,https://github.com/eWaterCycle/jupyterlab_thredds,.zenodo.json
NLeSC/esibayes,https://github.com/NLeSC/esibayes,.zenodo.json
se2p/pynguin,https://github.com/se2p/pynguin,.zenodo.json
inbo/effectclass,https://github.com/inbo/effectclass,.zenodo.json
luomus/finbif,https://github.com/luomus/finbif,.zenodo.json
NLeSC/PattyAnalytics,https://github.com/NLeSC/PattyAnalytics,.zenodo.json
nlppln/nlppln,https://github.com/nlppln/nlppln,.zenodo.json
DeepRank/PSSMGen,https://github.com/DeepRank/PSSMGen,.zenodo.json
datalad/datalad-redcap,https://github.com/datalad/datalad-redcap,.zenodo.json
hydrologie/xhydro,https://github.com/hydrologie/xhydro,.zenodo.json
megasanjay/testrepository,https://github.com/megasanjay/testrepository,.zenodo.json
NLeSC/Constellation,https://github.com/NLeSC/Constellation,.zenodo.json
NTIA/Compound_Radar_Waveforms-Data,https://github.com/NTIA/Compound_Radar_Waveforms-Data,.zenodo.json
martinlarsalbert/System-identification-of-Vessel-Manoeuvring-Models,https://github.com/martinlarsalbert/System-identification-of-Vessel-Manoeuvring-Models,.zenodo.json
block-foundation/bibliography,https://github.com/block-foundation/bibliography,.zenodo.json
kzon94/huggingface_datasets,https://github.com/kzon94/huggingface_datasets,.zenodo.json
aframosp/planets,https://github.com/aframosp/planets,.zenodo.json
JuliaSmoothOptimizers/MUMPS.jl,https://github.com/JuliaSmoothOptimizers/MUMPS.jl,.zenodo.json
JuliaSmoothOptimizers/CUTEst.jl,https://github.com/JuliaSmoothOptimizers/CUTEst.jl,.zenodo.json
ieeh-tu-dresden/power-system-data-model,https://github.com/ieeh-tu-dresden/power-system-data-model,.zenodo.json
syntest-framework/syntest-framework,https://github.com/syntest-framework/syntest-framework,.zenodo.json
ieeh-tu-dresden/powerfactory-tools,https://github.com/ieeh-tu-dresden/powerfactory-tools,.zenodo.json
matchms/matchms,https://github.com/matchms/matchms,.zenodo.json
psmman/TNFlow,https://github.com/psmman/TNFlow,.zenodo.json
DeepRank/iScore,https://github.com/DeepRank/iScore,.zenodo.json
candYgene/pbg-ld,https://github.com/candYgene/pbg-ld,.zenodo.json
ERA-URBAN/fm128_radar,https://github.com/ERA-URBAN/fm128_radar,.zenodo.json
NLeSC/spot,https://github.com/NLeSC/spot,.zenodo.json
xiejiangzhi/RVO2_SharedExport,https://github.com/xiejiangzhi/RVO2_SharedExport,.zenodo.json
sodascience/osmenrich,https://github.com/sodascience/osmenrich,.zenodo.json
JuliaSmoothOptimizers/BenchmarkProfiles.jl,https://github.com/JuliaSmoothOptimizers/BenchmarkProfiles.jl,.zenodo.json
pharos-alexandria/testworkflow,https://github.com/pharos-alexandria/testworkflow,.zenodo.json
mcsiple/mmrefpoints,https://github.com/mcsiple/mmrefpoints,.zenodo.json
eWaterCycle/eWaterleaf,https://github.com/eWaterCycle/eWaterleaf,.zenodo.json
qompassai/r4r,https://github.com/qompassai/r4r,.zenodo.json
OSGeo/MOSS,https://github.com/OSGeo/MOSS,.zenodo.json
HydroSysPotsdam/Forester,https://github.com/HydroSysPotsdam/Forester,.zenodo.json
inbo/territoria,https://github.com/inbo/territoria,.zenodo.json
pai-disc/tensorflow,https://github.com/pai-disc/tensorflow,.zenodo.json
andreasgebhard-ivw/ivw-climate-data-public,https://github.com/andreasgebhard-ivw/ivw-climate-data-public,.zenodo.json
NFDI4BIOIMAGE/Cologne-Hackathon-2023,https://github.com/NFDI4BIOIMAGE/Cologne-Hackathon-2023,.zenodo.json
ISSI-CONSTRAIN/meso-morphs,https://github.com/ISSI-CONSTRAIN/meso-morphs,.zenodo.json
r-spatial/qgisprocess,https://github.com/r-spatial/qgisprocess,.zenodo.json
axiom-data-science/project-classify-fish-sounds,https://github.com/axiom-data-science/project-classify-fish-sounds,.zenodo.json
tobiasrausch/wally,https://github.com/tobiasrausch/wally,.zenodo.json
tobiasrausch/covid19,https://github.com/tobiasrausch/covid19,.zenodo.json
tobiasrausch/rayas,https://github.com/tobiasrausch/rayas,.zenodo.json
RealRichi3/ttw_multideployment,https://github.com/RealRichi3/ttw_multideployment,.zenodo.json
MSARN/NucleosID,https://github.com/MSARN/NucleosID,.zenodo.json
snape/Loopless-Functional-Algorithms,https://github.com/snape/Loopless-Functional-Algorithms,.zenodo.json
GeoStat-Framework/GSTools,https://github.com/GeoStat-Framework/GSTools,.zenodo.json
SoftwareSystemsLaboratory/prime-commits,https://github.com/SoftwareSystemsLaboratory/prime-commits,.zenodo.json
tobiasrausch/lorax,https://github.com/tobiasrausch/lorax,.zenodo.json
thomascp/tensorflow-lite,https://github.com/thomascp/tensorflow-lite,.zenodo.json
gfbio/gfbio-data-collections,https://github.com/gfbio/gfbio-data-collections,.zenodo.json
jvzoov/tensorflow.github.io,https://github.com/jvzoov/tensorflow.github.io,.zenodo.json
docuracy/Elizabethan_Coastal_Surveys_1565,https://github.com/docuracy/Elizabethan_Coastal_Surveys_1565,.zenodo.json
amd/ZenDNN-tensorflow,https://github.com/amd/ZenDNN-tensorflow,.zenodo.json
mathcals/sage,https://github.com/mathcals/sage,.zenodo.json
UCATLAS/xAODAnaHelpers,https://github.com/UCATLAS/xAODAnaHelpers,.zenodo.json
3DCP-TUe/SaladSlicer,https://github.com/3DCP-TUe/SaladSlicer,.zenodo.json
stroeum/ToTh-1D,https://github.com/stroeum/ToTh-1D,.zenodo.json
PBR/QTM,https://github.com/PBR/QTM,.zenodo.json
pm4knime/pm4knime-core,https://github.com/pm4knime/pm4knime-core,.zenodo.json
mrbuche/conspire.py,https://github.com/mrbuche/conspire.py,.zenodo.json
loostrum/arts_tracking_beams,https://github.com/loostrum/arts_tracking_beams,.zenodo.json
SamsungLabs/fastflow-tensorflow,https://github.com/SamsungLabs/fastflow-tensorflow,.zenodo.json
actions-marketplace-validations/alexlancaster_zenodraft-action,https://github.com/actions-marketplace-validations/alexlancaster_zenodraft-action,.zenodo.json
dakiefer/GEW_soft_strip,https://github.com/dakiefer/GEW_soft_strip,.zenodo.json
psu-inversion/olsen-randerson,https://github.com/psu-inversion/olsen-randerson,.zenodo.json
FAIR-by-Design-Methodology/IDCC24workshop,https://github.com/FAIR-by-Design-Methodology/IDCC24workshop,.zenodo.json
RobotComponents/RobotComponents,https://github.com/RobotComponents/RobotComponents,.zenodo.json
TRASAL/psrdada-python,https://github.com/TRASAL/psrdada-python,.zenodo.json
ByrumLab/proteoDA,https://github.com/ByrumLab/proteoDA,.zenodo.json
RS-DAT/Phenology,https://github.com/RS-DAT/Phenology,.zenodo.json
recipy/recipy,https://github.com/recipy/recipy,.zenodo.json
OSeMOSYS/OSeMOSYS_GNU_MathProg,https://github.com/OSeMOSYS/OSeMOSYS_GNU_MathProg,.zenodo.json
ploewe/MOSS,https://github.com/ploewe/MOSS,.zenodo.json
euratom-software/calcam,https://github.com/euratom-software/calcam,.zenodo.json
snape/RVO2-CS,https://github.com/snape/RVO2-CS,.zenodo.json
RECeSS-EU-Project/drug-repurposing-datasets,https://github.com/RECeSS-EU-Project/drug-repurposing-datasets,.zenodo.json
eWaterCycle/grpc4bmi,https://github.com/eWaterCycle/grpc4bmi,.zenodo.json
ganeshghimire1986/mosartwmpy,https://github.com/ganeshghimire1986/mosartwmpy,.zenodo.json
inbo/INBOtheme,https://github.com/inbo/INBOtheme,.zenodo.json
PYFTS/pyFTS,https://github.com/PYFTS/pyFTS,.zenodo.json
NLeSC/eEcology-SMS-reciever,https://github.com/NLeSC/eEcology-SMS-reciever,.zenodo.json
pmartinolli/TTTTRPG,https://github.com/pmartinolli/TTTTRPG,.zenodo.json
souley/ltacat,https://github.com/souley/ltacat,.zenodo.json
xenon-middleware/xenon-cli,https://github.com/xenon-middleware/xenon-cli,.zenodo.json
jfinney10/tensorflow-v2.12.0,https://github.com/jfinney10/tensorflow-v2.12.0,.zenodo.json
akm0081/Akash,https://github.com/akm0081/Akash,.zenodo.json
wildlifeevoeco/WildPigSpatiotemporalCompetition,https://github.com/wildlifeevoeco/WildPigSpatiotemporalCompetition,.zenodo.json
ydm4GZ/JaEKWCmY,https://github.com/ydm4GZ/JaEKWCmY,.zenodo.json
lcolosi/WaveSpectrum,https://github.com/lcolosi/WaveSpectrum,.zenodo.json
ME-ICA/rica,https://github.com/ME-ICA/rica,.zenodo.json
3D-e-Chem/knime-plants,https://github.com/3D-e-Chem/knime-plants,.zenodo.json
roberts-farm-of-ideas/6,https://github.com/roberts-farm-of-ideas/6,.zenodo.json
datacarpentry/socialsci-workshop,https://github.com/datacarpentry/socialsci-workshop,.zenodo.json
tree-sitter/tree-sitter-graph,https://github.com/tree-sitter/tree-sitter-graph,.zenodo.json
JunwooParkSaribu/BI_ADD,https://github.com/JunwooParkSaribu/BI_ADD,.zenodo.json
ACCESS-NRI/ACCESS-MED-tools,https://github.com/ACCESS-NRI/ACCESS-MED-tools,.zenodo.json
itpplasma/GORILLA,https://github.com/itpplasma/GORILLA,.zenodo.json
8xSthas3/M9JDi0sY,https://github.com/8xSthas3/M9JDi0sY,.zenodo.json
numenta/NAB,https://github.com/numenta/NAB,.zenodo.json
JuliaManifolds/Manifolds.jl,https://github.com/JuliaManifolds/Manifolds.jl,.zenodo.json
ACCESS-NRI/ILAMB-workflow,https://github.com/ACCESS-NRI/ILAMB-workflow,.zenodo.json
sfgMJIYO/AaSG0jY,https://github.com/sfgMJIYO/AaSG0jY,.zenodo.json
sijdeqwQa/YfvdefwLSY,https://github.com/sijdeqwQa/YfvdefwLSY,.zenodo.json
DCMLab/beethoven_piano_sonatas,https://github.com/DCMLab/beethoven_piano_sonatas,.zenodo.json
DCMLab/dvorak_silhouettes,https://github.com/DCMLab/dvorak_silhouettes,.zenodo.json
DCMLab/grieg_lyric_pieces,https://github.com/DCMLab/grieg_lyric_pieces,.zenodo.json
BenWinchester/HEATDesalination,https://github.com/BenWinchester/HEATDesalination,.zenodo.json
highfive-devs/highfive,https://github.com/highfive-devs/highfive,.zenodo.json
Good-forest/fordead_package,https://github.com/Good-forest/fordead_package,.zenodo.json
yektaKamane/Charm-Modified,https://github.com/yektaKamane/Charm-Modified,.zenodo.json
dfm/tinygp,https://github.com/dfm/tinygp,.zenodo.json
3dgeo-heidelberg/etrainee,https://github.com/3dgeo-heidelberg/etrainee,.zenodo.json
ADicksonLab/geomm,https://github.com/ADicksonLab/geomm,.zenodo.json
AMReX-Astro/Castro,https://github.com/AMReX-Astro/Castro,.zenodo.json
Anneef/pyAFQ,https://github.com/Anneef/pyAFQ,.zenodo.json
ArcanaFramework/frametree,https://github.com/ArcanaFramework/frametree,.zenodo.json
ArcanaFramework/pydra2app,https://github.com/ArcanaFramework/pydra2app,.zenodo.json
AthKouloumvakos/PyThea,https://github.com/AthKouloumvakos/PyThea,.zenodo.json
Australian-Text-Analytics-Platform/atap-r-demos,https://github.com/Australian-Text-Analytics-Platform/atap-r-demos,.zenodo.json
Australian-Text-Analytics-Platform/discursis,https://github.com/Australian-Text-Analytics-Platform/discursis,.zenodo.json
Australian-Text-Analytics-Platform/workbench-sydney-speaks,https://github.com/Australian-Text-Analytics-Platform/workbench-sydney-speaks,.zenodo.json
Australian-Text-Analytics-Platform/rocrate-test-2,https://github.com/Australian-Text-Analytics-Platform/rocrate-test-2,.zenodo.json
COSIMA/cosima-recipes,https://github.com/COSIMA/cosima-recipes,.zenodo.json
CSHS-CWRA/RavenPy,https://github.com/CSHS-CWRA/RavenPy,.zenodo.json
ClavelLab/maldipickr,https://github.com/ClavelLab/maldipickr,.zenodo.json
CosmicStudioSoftware/OMMBV,https://github.com/CosmicStudioSoftware/OMMBV,.zenodo.json
DCMLab/bach_chorales,https://github.com/DCMLab/bach_chorales,.zenodo.json
ihmeuw/vivarium_public_health,https://github.com/ihmeuw/vivarium_public_health,.zenodo.json
DLR-RM/RAFCON,https://github.com/DLR-RM/RAFCON,.zenodo.json
ElsLommelen/testprotocol,https://github.com/ElsLommelen/testprotocol,.zenodo.json
DCMLab/romantic_piano_corpus,https://github.com/DCMLab/romantic_piano_corpus,.zenodo.json
ElsevierSoftwareX/SOFTX_2019_19,https://github.com/ElsevierSoftwareX/SOFTX_2019_19,.zenodo.json
EyeofBeholder-NLeSC/orange3-argument,https://github.com/EyeofBeholder-NLeSC/orange3-argument,.zenodo.json
GFZ/arosics,https://github.com/GFZ/arosics,.zenodo.json
GLAM-Workbench/trove-government,https://github.com/GLAM-Workbench/trove-government,.zenodo.json
GLAM-Workbench/trove-research,https://github.com/GLAM-Workbench/trove-research,.zenodo.json
GLAM-Workbench/trove-lists,https://github.com/GLAM-Workbench/trove-lists,.zenodo.json
GLAM-Workbench/trove-ned,https://github.com/GLAM-Workbench/trove-ned,.zenodo.json
GO-Eratosthenes/dhdt,https://github.com/GO-Eratosthenes/dhdt,.zenodo.json
GLAM-Workbench/web-archives,https://github.com/GLAM-Workbench/web-archives,.zenodo.json
HIP-infrastructure/datahipy,https://github.com/HIP-infrastructure/datahipy,.zenodo.json
HBPMedical/mip-dmp,https://github.com/HBPMedical/mip-dmp,.zenodo.json
IBEXImagingCommunity/ibex_imaging_knowledge_base,https://github.com/IBEXImagingCommunity/ibex_imaging_knowledge_base,.zenodo.json
InsightSoftwareConsortium/ITK,https://github.com/InsightSoftwareConsortium/ITK,.zenodo.json
JGCRI/osiris,https://github.com/JGCRI/osiris,.zenodo.json
JoshuaLampert/DispersiveShallowWater.jl,https://github.com/JoshuaLampert/DispersiveShallowWater.jl,.zenodo.json
JoshuaLampert/KernelInterpolation.jl,https://github.com/JoshuaLampert/KernelInterpolation.jl,.zenodo.json
JuliaPlots/Plots.jl,https://github.com/JuliaPlots/Plots.jl,.zenodo.json
KCollins/conjugate_map,https://github.com/KCollins/conjugate_map,.zenodo.json
LaurieNovak/ACchem,https://github.com/LaurieNovak/ACchem,.zenodo.json
ME-ICA/ddmra,https://github.com/ME-ICA/ddmra,.zenodo.json
ME-ICA/godec,https://github.com/ME-ICA/godec,.zenodo.json
ME-ICA/tedana,https://github.com/ME-ICA/tedana,.zenodo.json
Medical-Image-Analysis-Laboratory/mialsuperresolutiontoolkit,https://github.com/Medical-Image-Analysis-Laboratory/mialsuperresolutiontoolkit,.zenodo.json
MindTheGap-ERC/DarwinCAT,https://github.com/MindTheGap-ERC/DarwinCAT,.zenodo.json
NCCR-SYNAPSY/neurodatapub,https://github.com/NCCR-SYNAPSY/neurodatapub,.zenodo.json
NLESC-JCER/cpp2wasm,https://github.com/NLESC-JCER/cpp2wasm,.zenodo.json
NLeSC-COMPAS/kmm,https://github.com/NLeSC-COMPAS/kmm,.zenodo.json
OlivierSalin/Faser2_acts,https://github.com/OlivierSalin/Faser2_acts,.zenodo.json
OpenGreekAndLatin/BaseRepoForCTSCollections,https://github.com/OpenGreekAndLatin/BaseRepoForCTSCollections,.zenodo.json
Ouranosinc/figanos,https://github.com/Ouranosinc/figanos,.zenodo.json
Ouranosinc/miranda,https://github.com/Ouranosinc/miranda,.zenodo.json
Ouranosinc/xscen,https://github.com/Ouranosinc/xscen,.zenodo.json
Ouranosinc/xsdba,https://github.com/Ouranosinc/xsdba,.zenodo.json
PennBBL/fmriprep-phases,https://github.com/PennBBL/fmriprep-phases,.zenodo.json
PhaedrusFlow/phaedrusflow,https://github.com/PhaedrusFlow/phaedrusflow,.zenodo.json
PoisotLab/NCBITaxonomy.jl,https://github.com/PoisotLab/NCBITaxonomy.jl,.zenodo.json
PsyTeachR/book-template,https://github.com/PsyTeachR/book-template,.zenodo.json
PurdueCAM2Project/SE4ML,https://github.com/PurdueCAM2Project/SE4ML,.zenodo.json
R3BRootGroup/R3BRoot,https://github.com/R3BRootGroup/R3BRoot,.zenodo.json
R3BRootGroup/asyeos,https://github.com/R3BRootGroup/asyeos,.zenodo.json
inbo/protocolhelper,https://github.com/inbo/protocolhelper,.zenodo.json
R3BRootGroup/sofia,https://github.com/R3BRootGroup/sofia,.zenodo.json
SDM-TIB/DeTrusty,https://github.com/SDM-TIB/DeTrusty,.zenodo.json
APPIAN-PET/APPIAN,https://github.com/APPIAN-PET/APPIAN,.zenodo.json
SSLIS/gh-pages-about-me,https://github.com/SSLIS/gh-pages-about-me,.zenodo.json
inbo/checklist,https://github.com/inbo/checklist,.zenodo.json
SantanderMetGroup/2022_Bano_DeepESD_GMD,https://github.com/SantanderMetGroup/2022_Bano_DeepESD_GMD,.zenodo.json
SciML/RootedTrees.jl,https://github.com/SciML/RootedTrees.jl,.zenodo.json
Scriptbash/Wispar,https://github.com/Scriptbash/Wispar,.zenodo.json
Southampton-RSG/data-analysis-and-visualisation,https://github.com/Southampton-RSG/data-analysis-and-visualisation,.zenodo.json
SuperDARN/pydarn,https://github.com/SuperDARN/pydarn,.zenodo.json
TIGRLab/datman,https://github.com/TIGRLab/datman,.zenodo.json
DCMLab/mendelssohn_quartets,https://github.com/DCMLab/mendelssohn_quartets,.zenodo.json
USDA-ARS-NWRC/pysnobal,https://github.com/USDA-ARS-NWRC/pysnobal,.zenodo.json
aburrell/aacgmv2,https://github.com/aburrell/aacgmv2,.zenodo.json
aburrell/apexpy,https://github.com/aburrell/apexpy,.zenodo.json
LidkeLab/matlab-instrument-control,https://github.com/LidkeLab/matlab-instrument-control,.zenodo.json
GEOS-ESM/mepo,https://github.com/GEOS-ESM/mepo,.zenodo.json
aburrell/ocbpy,https://github.com/aburrell/ocbpy,.zenodo.json
actions-marketplace-validations/megasanjay_upload-to-zenodo,https://github.com/actions-marketplace-validations/megasanjay_upload-to-zenodo,.zenodo.json
actions-marketplace-validations/tortellini-tools_action,https://github.com/actions-marketplace-validations/tortellini-tools_action,.zenodo.json
actions-marketplace-validations/zenodraft_action,https://github.com/actions-marketplace-validations/zenodraft_action,.zenodo.json
trixi-framework/TrixiParticles.jl,https://github.com/trixi-framework/TrixiParticles.jl,.zenodo.json
alpaka-group/alpaka,https://github.com/alpaka-group/alpaka,.zenodo.json
gadomski/antimeridian,https://github.com/gadomski/antimeridian,.zenodo.json
andreaschrader/doi-exercise,https://github.com/andreaschrader/doi-exercise,.zenodo.json
benvial/gyptis,https://github.com/benvial/gyptis,.zenodo.json
b-cubed-eu/integrate-indicator-software,https://github.com/b-cubed-eu/integrate-indicator-software,.zenodo.json
benvial/protis,https://github.com/benvial/protis,.zenodo.json
bird-house/birdhouse-deploy,https://github.com/bird-house/birdhouse-deploy,.zenodo.json
bird-house/finch,https://github.com/bird-house/finch,.zenodo.json
boalang/study-template,https://github.com/boalang/study-template,.zenodo.json
brainhack-ch/superres-mri,https://github.com/brainhack-ch/superres-mri,.zenodo.json
brandmaier/semper,https://github.com/brandmaier/semper,.zenodo.json
casperdcl/git-fame,https://github.com/casperdcl/git-fame,.zenodo.json
catalyst-cooperative/pudl,https://github.com/catalyst-cooperative/pudl,.zenodo.json
castelao/inception,https://github.com/castelao/inception,.zenodo.json
citation-file-format/cff-initializer-javascript,https://github.com/citation-file-format/cff-initializer-javascript,.zenodo.json
cicirello/JavaPermutationTools,https://github.com/cicirello/JavaPermutationTools,.zenodo.json
common-workflow-language/user_guide,https://github.com/common-workflow-language/user_guide,.zenodo.json
concepticon/concepticon-data,https://github.com/concepticon/concepticon-data,.zenodo.json
connectomicslab/connectomemapper3,https://github.com/connectomicslab/connectomemapper3,.zenodo.json
crp2a/Al2O3_AnalysisApp,https://github.com/crp2a/Al2O3_AnalysisApp,.zenodo.json
csadorf/signac,https://github.com/csadorf/signac,.zenodo.json
cta-observatory/pyirf,https://github.com/cta-observatory/pyirf,.zenodo.json
ctsit/prevent_past_or_future_dates,https://github.com/ctsit/prevent_past_or_future_dates,.zenodo.json
ctsit/redcapcustodian,https://github.com/ctsit/redcapcustodian,.zenodo.json
ctsit/rcc.billing,https://github.com/ctsit/rcc.billing,.zenodo.json
dPys/PyNets,https://github.com/dPys/PyNets,.zenodo.json
danieldeidda/STIR-ToF,https://github.com/danieldeidda/STIR-ToF,.zenodo.json
data-lessons/R-nhcdata-lesson,https://github.com/data-lessons/R-nhcdata-lesson,.zenodo.json
datacarpentry/R-ecology-lesson,https://github.com/datacarpentry/R-ecology-lesson,.zenodo.json
datalad-handbook/book,https://github.com/datalad-handbook/book,.zenodo.json
datalad/datalad,https://github.com/datalad/datalad,.zenodo.json
debruine/webmorphR,https://github.com/debruine/webmorphR,.zenodo.json
datalad/datalad-metalad-extractor-template,https://github.com/datalad/datalad-metalad-extractor-template,.zenodo.json
dftlibs/xcfun,https://github.com/dftlibs/xcfun,.zenodo.json
digitalmethodsinitiative/zeeschuimer,https://github.com/digitalmethodsinitiative/zeeschuimer,.zenodo.json
donishadsmith/neurocaps,https://github.com/donishadsmith/neurocaps,.zenodo.json
drifter089/testJustzeno,https://github.com/drifter089/testJustzeno,.zenodo.json
dschwoerer/xemc3,https://github.com/dschwoerer/xemc3,.zenodo.json
duecredit/duecredit,https://github.com/duecredit/duecredit,.zenodo.json
ecohealthalliance/HP3,https://github.com/ecohealthalliance/HP3,.zenodo.json
edsml-mh1123/ar7-wg1-fod-ch99-fig99-Python,https://github.com/edsml-mh1123/ar7-wg1-fod-ch99-fig99-Python,.zenodo.json
educelab/volume-cartographer,https://github.com/educelab/volume-cartographer,.zenodo.json
engeir/code-to-radiative-forcing-by-super-volcano-eruptions,https://github.com/engeir/code-to-radiative-forcing-by-super-volcano-eruptions,.zenodo.json
ericbrasiln/artigo_interfaces,https://github.com/ericbrasiln/artigo_interfaces,.zenodo.json
ethanbass/chromatographR,https://github.com/ethanbass/chromatographR,.zenodo.json
eurec4a/eurec4a-intake,https://github.com/eurec4a/eurec4a-intake,.zenodo.json
euro-cordex/py-cordex,https://github.com/euro-cordex/py-cordex,.zenodo.json
fboehm/qtl2pleio,https://github.com/fboehm/qtl2pleio,.zenodo.json
geoschem/HEMCO,https://github.com/geoschem/HEMCO,.zenodo.json
geoschem/geos-chem,https://github.com/geoschem/geos-chem,.zenodo.json
gkbharathy/ML_Center_Netherlands,https://github.com/gkbharathy/ML_Center_Netherlands,.zenodo.json
glamod/glamod-marine-processing,https://github.com/glamod/glamod-marine-processing,.zenodo.json
gnuradio/volk,https://github.com/gnuradio/volk,.zenodo.json
ha0ye/portalDS,https://github.com/ha0ye/portalDS,.zenodo.json
hydrologie/xdatasets,https://github.com/hydrologie/xdatasets,.zenodo.json
hydrologie/xhydro-lstm,https://github.com/hydrologie/xhydro-lstm,.zenodo.json
igraph/rigraph,https://github.com/igraph/rigraph,.zenodo.json
DeepRank/deeprank2,https://github.com/DeepRank/deeprank2,.zenodo.json
inbo/protocolsource,https://github.com/inbo/protocolsource,.zenodo.json
JuliaGeometry/DelaunayTriangulation.jl,https://github.com/JuliaGeometry/DelaunayTriangulation.jl,.zenodo.json
inbo/watina,https://github.com/inbo/watina,.zenodo.json
intercontinental-dictionary-series/ids,https://github.com/intercontinental-dictionary-series/ids,.zenodo.json
joshwlambert/DAISIEcontinental,https://github.com/joshwlambert/DAISIEcontinental,.zenodo.json
joshwlambert/DAISIEmainland,https://github.com/joshwlambert/DAISIEmainland,.zenodo.json
kandolfp/MECH-M-DUAL-1-DBM,https://github.com/kandolfp/MECH-M-DUAL-1-DBM,.zenodo.json
lexibank/vanuatuvoices,https://github.com/lexibank/vanuatuvoices,.zenodo.json
lingpy/lingrex,https://github.com/lingpy/lingrex,.zenodo.json
linhd-postdata/averell,https://github.com/linhd-postdata/averell,.zenodo.json
magpiemodel/magpie,https://github.com/magpiemodel/magpie,.zenodo.json
mcuntz/pyjams,https://github.com/mcuntz/pyjams,.zenodo.json
miykael/fmriflows,https://github.com/miykael/fmriflows,.zenodo.json
mlund/SI-crownether-ion-binding,https://github.com/mlund/SI-crownether-ion-binding,.zenodo.json
mmcloughlin/addchain,https://github.com/mmcloughlin/addchain,.zenodo.json
mlund/template-for-supporting-information,https://github.com/mlund/template-for-supporting-information,.zenodo.json
modelEAU/CentrEau-COVID-Dataset-Qc,https://github.com/modelEAU/CentrEau-COVID-Dataset-Qc,.zenodo.json
neurogym/neurogym,https://github.com/neurogym/neurogym,.zenodo.json
neurostuff/NiMARE,https://github.com/neurostuff/NiMARE,.zenodo.json
neurostuff/PyMARE,https://github.com/neurostuff/PyMARE,.zenodo.json
nfdi4cat/voc4cat-tool,https://github.com/nfdi4cat/voc4cat-tool,.zenodo.json
ImperialCollegeLondon/PyProBE,https://github.com/ImperialCollegeLondon/PyProBE,.zenodo.json
nipreps/dmriprep,https://github.com/nipreps/dmriprep,.zenodo.json
nipreps/fmripost-aroma,https://github.com/nipreps/fmripost-aroma,.zenodo.json
nipreps/fmriprep,https://github.com/nipreps/fmriprep,.zenodo.json
nipreps/fmriprep-rodents,https://github.com/nipreps/fmriprep-rodents,.zenodo.json
nipreps/mriqc,https://github.com/nipreps/mriqc,.zenodo.json
educelab/OpenABF,https://github.com/educelab/OpenABF,.zenodo.json
nipreps/nibabies,https://github.com/nipreps/nibabies,.zenodo.json
nipreps/nifreeze,https://github.com/nipreps/nifreeze,.zenodo.json
nipy/nipype,https://github.com/nipy/nipype,.zenodo.json
nipype/pydra,https://github.com/nipype/pydra,.zenodo.json
nrdg/cloud_bids_layout,https://github.com/nrdg/cloud_bids_layout,.zenodo.json
nrdg/groupyr,https://github.com/nrdg/groupyr,.zenodo.json
nrdg/cloudknot,https://github.com/nrdg/cloudknot,.zenodo.json
nrdg/fracridge,https://github.com/nrdg/fracridge,.zenodo.json
open-atmos/PyPartMC,https://github.com/open-atmos/PyPartMC,.zenodo.json
openforcefield/openff-forcefields,https://github.com/openforcefield/openff-forcefields,.zenodo.json
open-dicom/dicom_parser,https://github.com/open-dicom/dicom_parser,.zenodo.json
patrickfuchs/buildH,https://github.com/patrickfuchs/buildH,.zenodo.json
ped-dyn-emp/PeTrack,https://github.com/ped-dyn-emp/PeTrack,.zenodo.json
peterjc/thapbi-pict,https://github.com/peterjc/thapbi-pict,.zenodo.json
physiopy/phys2denoise,https://github.com/physiopy/phys2denoise,.zenodo.json
physiopy/physiopy-repository-template,https://github.com/physiopy/physiopy-repository-template,.zenodo.json
glamod/cdm_reader_mapper,https://github.com/glamod/cdm_reader_mapper,.zenodo.json
pierrepo/PBxplore,https://github.com/pierrepo/PBxplore,.zenodo.json
pik-piam/MAgPIENCGains,https://github.com/pik-piam/MAgPIENCGains,.zenodo.json
pik-piam/lusweave,https://github.com/pik-piam/lusweave,.zenodo.json
jklenzing/ops_reach,https://github.com/jklenzing/ops_reach,.zenodo.json
johanneskoch94/remindStart,https://github.com/johanneskoch94/remindStart,.zenodo.json
johrstrom/test-actions,https://github.com/johrstrom/test-actions,.zenodo.json
kaiwirtz3/holocene,https://github.com/kaiwirtz3/holocene,.zenodo.json
lexibank/lexibank-analysed,https://github.com/lexibank/lexibank-analysed,.zenodo.json
jcorbino/mole,https://github.com/jcorbino/mole,.zenodo.json
pik-piam/r2databus,https://github.com/pik-piam/r2databus,.zenodo.json
poldracklab/fitlins,https://github.com/poldracklab/fitlins,.zenodo.json
psu-inversion/atmospheric-inverse-methods-for-flux-optimization,https://github.com/psu-inversion/atmospheric-inverse-methods-for-flux-optimization,.zenodo.json
Cloud-Drift/clouddrift,https://github.com/Cloud-Drift/clouddrift,.zenodo.json
pysat/pysat,https://github.com/pysat/pysat,.zenodo.json
pysat/pysatCDAAC,https://github.com/pysat/pysatCDAAC,.zenodo.json
pysat/pysatEcosystem_Template,https://github.com/pysat/pysatEcosystem_Template,.zenodo.json
pysat/pysatMadrigal,https://github.com/pysat/pysatMadrigal,.zenodo.json
pysat/pysatMissions,https://github.com/pysat/pysatMissions,.zenodo.json
pysat/pysatModels,https://github.com/pysat/pysatModels,.zenodo.json
pysat/pysatNASA,https://github.com/pysat/pysatNASA,.zenodo.json
pysat/pysatSeasons,https://github.com/pysat/pysatSeasons,.zenodo.json
pysat/pysatSpaceWeather,https://github.com/pysat/pysatSpaceWeather,.zenodo.json
pyxem/diffsims,https://github.com/pyxem/diffsims,.zenodo.json
pytools4dart/pytools4dart,https://github.com/pytools4dart/pytools4dart,.zenodo.json
pyxem/pyxem,https://github.com/pyxem/pyxem,.zenodo.json
nipy/heudiconv,https://github.com/nipy/heudiconv,.zenodo.json
quantling/pyndl,https://github.com/quantling/pyndl,.zenodo.json
SatelliteShorelines/CoastSeg,https://github.com/SatelliteShorelines/CoastSeg,.zenodo.json
ranocha/SummationByPartsOperators.jl,https://github.com/ranocha/SummationByPartsOperators.jl,.zenodo.json
ravingmantis/unittest,https://github.com/ravingmantis/unittest,.zenodo.json
remo-rcm/pyremo,https://github.com/remo-rcm/pyremo,.zenodo.json
rivm-syso/mcra-core,https://github.com/rivm-syso/mcra-core,.zenodo.json
rjfarmer/gfort2py,https://github.com/rjfarmer/gfort2py,.zenodo.json
rladies/rladiesguide,https://github.com/rladies/rladiesguide,.zenodo.json
ropensci/dev_guide,https://github.com/ropensci/dev_guide,.zenodo.json
ropensci/git2rdata,https://github.com/ropensci/git2rdata,.zenodo.json
rsetienne/secsse,https://github.com/rsetienne/secsse,.zenodo.json
rubenarslan/formr,https://github.com/rubenarslan/formr,.zenodo.json
sami2py/sami2py,https://github.com/sami2py/sami2py,.zenodo.json
sappelhoff/sp_code,https://github.com/sappelhoff/sp_code,.zenodo.json
scikit-hep/pyhf,https://github.com/scikit-hep/pyhf,.zenodo.json
scikit-hep/scikit-hep,https://github.com/scikit-hep/scikit-hep,.zenodo.json
sebastientourbier/multiscalebrainparcellator,https://github.com/sebastientourbier/multiscalebrainparcellator,.zenodo.json
sfstoolbox/sfs-matlab,https://github.com/sfstoolbox/sfs-matlab,.zenodo.json
sib-swiss/reproducible-analysis-training,https://github.com/sib-swiss/reproducible-analysis-training,.zenodo.json
smoia/phys2cvr,https://github.com/smoia/phys2cvr,.zenodo.json
snape/RVO2,https://github.com/snape/RVO2,.zenodo.json
snape/RVO2-3D,https://github.com/snape/RVO2-3D,.zenodo.json
softwaresaved/international-survey,https://github.com/softwaresaved/international-survey,.zenodo.json
ssec-jhu/base-template,https://github.com/ssec-jhu/base-template,.zenodo.json
statsthinking21/statsthinking21-python,https://github.com/statsthinking21/statsthinking21-python,.zenodo.json
statycc/pymwp,https://github.com/statycc/pymwp,.zenodo.json
sunpy/sunpy,https://github.com/sunpy/sunpy,.zenodo.json
tardis-sn/tardis,https://github.com/tardis-sn/tardis,.zenodo.json
templateflow/python-client,https://github.com/templateflow/python-client,.zenodo.json
the-turing-way/the-turing-way,https://github.com/the-turing-way/the-turing-way,.zenodo.json
tobyhodges/R-ecology-lesson-1,https://github.com/tobyhodges/R-ecology-lesson-1,.zenodo.json
tobyhodges/R-ecology-lesson-previous,https://github.com/tobyhodges/R-ecology-lesson-previous,.zenodo.json
trixi-framework/PointNeighbors.jl,https://github.com/trixi-framework/PointNeighbors.jl,.zenodo.json
trixi-framework/Smesh.jl,https://github.com/trixi-framework/Smesh.jl,.zenodo.json
trixi-framework/Trixi.jl,https://github.com/trixi-framework/Trixi.jl,.zenodo.json
uf-repro/OpenRefine-intro,https://github.com/uf-repro/OpenRefine-intro,.zenodo.json
uf-repro/friendly-github-intro,https://github.com/uf-repro/friendly-github-intro,.zenodo.json
uf-repro/writing-reusable-code,https://github.com/uf-repro/writing-reusable-code,.zenodo.json
unifhy-org/unifhycontrib-artemis,https://github.com/unifhy-org/unifhycontrib-artemis,.zenodo.json
unifhy-org/unifhycontrib-gr4,https://github.com/unifhy-org/unifhycontrib-gr4,.zenodo.json
unifhy-org/unifhycontrib-smart,https://github.com/unifhy-org/unifhycontrib-smart,.zenodo.json
valeriupredoi/bgcval2,https://github.com/valeriupredoi/bgcval2,.zenodo.json
victoriyaforsythe/PyIRI,https://github.com/victoriyaforsythe/PyIRI,.zenodo.json
viralemergence/insectDisease,https://github.com/viralemergence/insectDisease,.zenodo.json
vubiostat/redcapAPI,https://github.com/vubiostat/redcapAPI,.zenodo.json
wadpac/GGIR,https://github.com/wadpac/GGIR,.zenodo.json
wragge/everyday-heritage,https://github.com/wragge/everyday-heritage,.zenodo.json
wragge/new-museum,https://github.com/wragge/new-museum,.zenodo.json
wragge/new-test-repo,https://github.com/wragge/new-test-repo,.zenodo.json
wragge/temptest,https://github.com/wragge/temptest,.zenodo.json
wragge/test-rocrate,https://github.com/wragge/test-rocrate,.zenodo.json
wragge/testy-mctestface,https://github.com/wragge/testy-mctestface,.zenodo.json
xenon-middleware/xenon,https://github.com/xenon-middleware/xenon,.zenodo.json
yantosca/qfyaml,https://github.com/yantosca/qfyaml,.zenodo.json
GrainLearning/grainLearning,https://github.com/GrainLearning/grainLearning,.zenodo.json
ClapeyronThermo/GCIdentifier.jl,https://github.com/ClapeyronThermo/GCIdentifier.jl,.zenodo.json
FAU-LAP/NOMAD-CAMELS,https://github.com/FAU-LAP/NOMAD-CAMELS,.zenodo.json
castelao/GSW-rs,https://github.com/castelao/GSW-rs,.zenodo.json
ortk95/planetmapper,https://github.com/ortk95/planetmapper,.zenodo.json
szhorvat/IGraphM,https://github.com/szhorvat/IGraphM,.zenodo.json
sunpy/ndcube,https://github.com/sunpy/ndcube,.zenodo.json
lucianolorenti/ceruleo,https://github.com/lucianolorenti/ceruleo,.zenodo.json
PetervanLunteren/AddaxAI,https://github.com/PetervanLunteren/AddaxAI,.zenodo.json
EdyVision/pii-codex,https://github.com/EdyVision/pii-codex,.zenodo.json
Ouranosinc/xclim,https://github.com/Ouranosinc/xclim,.zenodo.json
fzi-forschungszentrum-informatik/TSInterpret,https://github.com/fzi-forschungszentrum-informatik/TSInterpret,.zenodo.json
HLasse/TextDescriptives,https://github.com/HLasse/TextDescriptives,.zenodo.json
kpaam-cam/lowerfungom-wordlists,https://github.com/kpaam-cam/lowerfungom-wordlists,.zenodo.json
lmiconsulting/cosasi,https://github.com/lmiconsulting/cosasi,.zenodo.json
magdaat/Fosterlandsksang,https://github.com/magdaat/Fosterlandsksang,.zenodo.json
mzabrams/fars_cleaner,https://github.com/mzabrams/fars_cleaner,.zenodo.json
ImperialCollegeLondon/wsi,https://github.com/ImperialCollegeLondon/wsi,.zenodo.json
ropensci/aorsf,https://github.com/ropensci/aorsf,.zenodo.json
JGCRI/rmap,https://github.com/JGCRI/rmap,.zenodo.json
open-atmos/PyMPDATA,https://github.com/open-atmos/PyMPDATA,.zenodo.json
NREL/graph-env,https://github.com/NREL/graph-env,.zenodo.json
ACCESS-Community-Hub/PyEarthTools,https://github.com/ACCESS-Community-Hub/PyEarthTools,.zenodo.json
cicirello/rho-mu,https://github.com/cicirello/rho-mu,.zenodo.json
palaimon/ipyannotator,https://github.com/palaimon/ipyannotator,.zenodo.json
nimble-dev/nimble,https://github.com/nimble-dev/nimble,.zenodo.json
C0PEP0D/otto,https://github.com/C0PEP0D/otto,.zenodo.json
VeinsOfTheEarth/rabpro,https://github.com/VeinsOfTheEarth/rabpro,.zenodo.json
R-Vessel-X/SlicerRVXLiverSegmentation,https://github.com/R-Vessel-X/SlicerRVXLiverSegmentation,.zenodo.json
weecology/portalcasting,https://github.com/weecology/portalcasting,.zenodo.json
spectrapepper/spectrapepper,https://github.com/spectrapepper/spectrapepper,.zenodo.json
glasgowcompbio/vimms,https://github.com/glasgowcompbio/vimms,.zenodo.json
TriPed-Robot/trip_kinematics,https://github.com/TriPed-Robot/trip_kinematics,.zenodo.json
JuliaQX/QXTools.jl,https://github.com/JuliaQX/QXTools.jl,.zenodo.json
JuliaManifolds/Manopt.jl,https://github.com/JuliaManifolds/Manopt.jl,.zenodo.json
shirtsgroup/physical_validation,https://github.com/shirtsgroup/physical_validation,.zenodo.json
genome/bam-readcount,https://github.com/genome/bam-readcount,.zenodo.json
esteinig/nanoq,https://github.com/esteinig/nanoq,.zenodo.json
ropensci/jagstargets,https://github.com/ropensci/jagstargets,.zenodo.json
npucino/sandpyper,https://github.com/npucino/sandpyper,.zenodo.json
USEPA/LCIAformatter,https://github.com/USEPA/LCIAformatter,.zenodo.json
amkram/shusher,https://github.com/amkram/shusher,.zenodo.json
dmey/synthia,https://github.com/dmey/synthia,.zenodo.json
Saran-nns/sorn,https://github.com/Saran-nns/sorn,.zenodo.json
nipy/nitransforms,https://github.com/nipy/nitransforms,.zenodo.json
braniii/prettypyplot,https://github.com/braniii/prettypyplot,.zenodo.json
nkallima/Synch-Framework,https://github.com/nkallima/Synch-Framework,.zenodo.json
IMMM-SFA/diyepw,https://github.com/IMMM-SFA/diyepw,.zenodo.json
ulf1/bwsample,https://github.com/ulf1/bwsample,.zenodo.json
barricklab/ostir,https://github.com/barricklab/ostir,.zenodo.json
uDALES/u-dales,https://github.com/uDALES/u-dales,.zenodo.json
Sbozzolo/kuibit,https://github.com/Sbozzolo/kuibit,.zenodo.json
PyFstat/PyFstat,https://github.com/PyFstat/PyFstat,.zenodo.json
rhenanbartels/hrv,https://github.com/rhenanbartels/hrv,.zenodo.json
AlexanderLabWHOI/EUKulele,https://github.com/AlexanderLabWHOI/EUKulele,.zenodo.json
ketch/nodepy,https://github.com/ketch/nodepy,.zenodo.json
DeepRegNet/DeepReg,https://github.com/DeepRegNet/DeepReg,.zenodo.json
JanCBrammer/biopeaks,https://github.com/JanCBrammer/biopeaks,.zenodo.json
mdolab/pyoptsparse,https://github.com/mdolab/pyoptsparse,.zenodo.json
mortonne/psifr,https://github.com/mortonne/psifr,.zenodo.json
wilsonrljr/sysidentpy,https://github.com/wilsonrljr/sysidentpy,.zenodo.json
ketch/RK-Opt,https://github.com/ketch/RK-Opt,.zenodo.json
YoungFaithful/CapacityExpansion.jl,https://github.com/YoungFaithful/CapacityExpansion.jl,.zenodo.json
cicirello/Chips-n-Salsa,https://github.com/cicirello/Chips-n-Salsa,.zenodo.json
MESAHub/mesa,https://github.com/MESAHub/mesa,.zenodo.json
UW-Hydro/MetSim,https://github.com/UW-Hydro/MetSim,.zenodo.json
glm-tools/pyglmnet,https://github.com/glm-tools/pyglmnet,.zenodo.json
callat-qcd/espressodb,https://github.com/callat-qcd/espressodb,.zenodo.json
TEB-model/teb,https://github.com/TEB-model/teb,.zenodo.json
underworldcode/underworld2,https://github.com/underworldcode/underworld2,.zenodo.json
FAIRDataPipeline/rDataPipeline,https://github.com/FAIRDataPipeline/rDataPipeline,.zenodo.json
ImperialCollegeLondon/sharpy,https://github.com/ImperialCollegeLondon/sharpy,.zenodo.json
earthlab/earthpy,https://github.com/earthlab/earthpy,.zenodo.json
Hazboun6/hasasia,https://github.com/Hazboun6/hasasia,.zenodo.json
HBClab/NiBetaSeries,https://github.com/HBClab/NiBetaSeries,.zenodo.json
pierrepo/autoclasswrapper,https://github.com/pierrepo/autoclasswrapper,.zenodo.json
IbrahimTanyalcin/lexicon-mono-seq,https://github.com/IbrahimTanyalcin/lexicon-mono-seq,.zenodo.json
fsobral/RAFF.jl,https://github.com/fsobral/RAFF.jl,.zenodo.json
ModelOriented/pyCeterisParibus,https://github.com/ModelOriented/pyCeterisParibus,.zenodo.json
AMReX-Codes/amrex,https://github.com/AMReX-Codes/amrex,.zenodo.json
tqdm/tqdm,https://github.com/tqdm/tqdm,.zenodo.json
capytaine/capytaine,https://github.com/capytaine/capytaine,.zenodo.json
bjmorgan/pyscses,https://github.com/bjmorgan/pyscses,.zenodo.json
python-hydro/pyro2,https://github.com/python-hydro/pyro2,.zenodo.json
wright-group/WrightTools,https://github.com/wright-group/WrightTools,.zenodo.json
psychrometrics/psychrolib,https://github.com/psychrometrics/psychrolib,.zenodo.json
lebebr01/pdfsearch,https://github.com/lebebr01/pdfsearch,.zenodo.json
PhilippVerpoort/piw,https://github.com/PhilippVerpoort/piw,.zenodo.json
JuliaSmoothOptimizers/ADNLPModels.jl,https://github.com/JuliaSmoothOptimizers/ADNLPModels.jl,.zenodo.json
foerstner-lab/READemption,https://github.com/foerstner-lab/READemption,.zenodo.json
inbo/vitaliteit-grove-den,https://github.com/inbo/vitaliteit-grove-den,.zenodo.json
KUBDatalab/R-EDA_old,https://github.com/KUBDatalab/R-EDA_old,.zenodo.json
ctlearn-project/ctlearn,https://github.com/ctlearn-project/ctlearn,.zenodo.json
pyxem/kikuchipy,https://github.com/pyxem/kikuchipy,.zenodo.json
control-toolbox/OptimalControl.jl,https://github.com/control-toolbox/OptimalControl.jl,.zenodo.json
carpentries/trainer-training,https://github.com/carpentries/trainer-training,.zenodo.json
swcarpentry/git-novice-es,https://github.com/swcarpentry/git-novice-es,.zenodo.json
datacarpentry/geospatial-workshop,https://github.com/datacarpentry/geospatial-workshop,.zenodo.json
datacarpentry/organization-geospatial,https://github.com/datacarpentry/organization-geospatial,.zenodo.json
NOC-OI/git-novice,https://github.com/NOC-OI/git-novice,.zenodo.json
datacarpentry/organization-genomics,https://github.com/datacarpentry/organization-genomics,.zenodo.json
datacarpentry/shell-genomics,https://github.com/datacarpentry/shell-genomics,.zenodo.json
swcarpentry/r-novice-inflammation,https://github.com/swcarpentry/r-novice-inflammation,.zenodo.json
swcarpentry/shell-novice-es,https://github.com/swcarpentry/shell-novice-es,.zenodo.json
LibraryCarpentry/lc-sql,https://github.com/LibraryCarpentry/lc-sql,.zenodo.json
LibraryCarpentry/lc-marcedit,https://github.com/LibraryCarpentry/lc-marcedit,.zenodo.json
swcarpentry/r-novice-gapminder-es,https://github.com/swcarpentry/r-novice-gapminder-es,.zenodo.json
datacarpentry/r-socialsci,https://github.com/datacarpentry/r-socialsci,.zenodo.json
datacarpentry/python-ecology-lesson-es,https://github.com/datacarpentry/python-ecology-lesson-es,.zenodo.json
carpentries-incubator/python-humanities-lesson,https://github.com/carpentries-incubator/python-humanities-lesson,.zenodo.json
ocaisa/shell-novice-de,https://github.com/ocaisa/shell-novice-de,.zenodo.json
nipreps/fmripost-rapidtide,https://github.com/nipreps/fmripost-rapidtide,.zenodo.json
nipreps/fmripost-phase,https://github.com/nipreps/fmripost-phase,.zenodo.json
jhumci/MECH-B-4-MLDS-MLDS1,https://github.com/jhumci/MECH-B-4-MLDS-MLDS1,.zenodo.json
digitalmethodsinitiative/zoekplaatje,https://github.com/digitalmethodsinitiative/zoekplaatje,.zenodo.json
ComputationalRadiationPhysics/picongpu,https://github.com/ComputationalRadiationPhysics/picongpu,.zenodo.json
nipy/nibabel,https://github.com/nipy/nibabel,.zenodo.json
ssec-jhu/dplutils,https://github.com/ssec-jhu/dplutils,.zenodo.json
pyOpenSci/software-peer-review,https://github.com/pyOpenSci/software-peer-review,.zenodo.json
EGI-Federation/cloud-info-provider,https://github.com/EGI-Federation/cloud-info-provider,.zenodo.json
nfdi4cat/voc4cat-template,https://github.com/nfdi4cat/voc4cat-template,.zenodo.json
FZJ-JSC/tutorial-multi-gpu,https://github.com/FZJ-JSC/tutorial-multi-gpu,.zenodo.json
lwasser/geo-python,https://github.com/lwasser/geo-python,.zenodo.json
citation-file-format/citation-file-format,https://github.com/citation-file-format/citation-file-format,.zenodo.json
hydrologie/hsamiplus,https://github.com/hydrologie/hsamiplus,.zenodo.json
cosimoNigro/agnpy,https://github.com/cosimoNigro/agnpy,.zenodo.json