repo_full_name,url,filename
AlbanSagouis/nossaflex,https://github.com/AlbanSagouis/nossaflex,codemeta.json
Zink-Antoine/Gum.Output,https://github.com/Zink-Antoine/Gum.Output,codemeta.json
ropensci/parzer,https://github.com/ropensci/parzer,codemeta.json
caltechlibrary/caltechthesis,https://github.com/caltechlibrary/caltechthesis,codemeta.json
super-lou/MAKAHO,https://github.com/super-lou/MAKAHO,codemeta.json
Allgeier-Lab/lobstarrR,https://github.com/Allgeier-Lab/lobstarrR,codemeta.json
rug-compling/alud,https://github.com/rug-compling/alud,codemeta.json
markolalovic/latent2likert,https://github.com/markolalovic/latent2likert,codemeta.json
caltechlibrary/persistent_url_resolver,https://github.com/caltechlibrary/persistent_url_resolver,codemeta.json
ropensci/beastier,https://github.com/ropensci/beastier,codemeta.json
peterpolidoro/biym-board,https://github.com/peterpolidoro/biym-board,codemeta.json
m-team-kit/mlflow-auth-gui,https://github.com/m-team-kit/mlflow-auth-gui,codemeta.json
SCECcode/pycsep,https://github.com/SCECcode/pycsep,codemeta.json
donomii/quon-jupyter,https://github.com/donomii/quon-jupyter,codemeta.json
ropensci/wdman,https://github.com/ropensci/wdman,codemeta.json
matthiasprobst/h5RDMtoolbox,https://github.com/matthiasprobst/h5RDMtoolbox,codemeta.json
datacite/maremma,https://github.com/datacite/maremma,codemeta.json
datacite/bracco,https://github.com/datacite/bracco,codemeta.json
fchuffar/protopackage,https://github.com/fchuffar/protopackage,codemeta.json
frmichel/sparql-micro-service,https://github.com/frmichel/sparql-micro-service,codemeta.json
AgrDataSci/climatrends,https://github.com/AgrDataSci/climatrends,codemeta.json
caltechlibrary/crossrefapi,https://github.com/caltechlibrary/crossrefapi,codemeta.json
ersilia-os/ersilia,https://github.com/ersilia-os/ersilia,codemeta.json
ashbythorpe/selenium-r,https://github.com/ashbythorpe/selenium-r,codemeta.json
e-kotov/alboFr,https://github.com/e-kotov/alboFr,codemeta.json
cboettig/knitcitations,https://github.com/cboettig/knitcitations,codemeta.json
fair-test/yes-yes-yes,https://github.com/fair-test/yes-yes-yes,codemeta.json
thelfer/MFrontGenericInterfaceSupport,https://github.com/thelfer/MFrontGenericInterfaceSupport,codemeta.json
caltechlibrary/simplified,https://github.com/caltechlibrary/simplified,codemeta.json
rOpenSpain/tidyBdE,https://github.com/rOpenSpain/tidyBdE,codemeta.json
msperlin/GetTDData,https://github.com/msperlin/GetTDData,codemeta.json
cacoco/codemetagenerator,https://github.com/cacoco/codemetagenerator,codemeta.json
CLARIAH/COW,https://github.com/CLARIAH/COW,codemeta.json
mpadge/calcurseR,https://github.com/mpadge/calcurseR,codemeta.json
stencila/jesta,https://github.com/stencila/jesta,codemeta.json
mnr/rpigpior,https://github.com/mnr/rpigpior,codemeta.json
rkrug/plantuml,https://github.com/rkrug/plantuml,codemeta.json
rug-compling/alpinograph,https://github.com/rug-compling/alpinograph,codemeta.json
tonyfischetti/assertr,https://github.com/tonyfischetti/assertr,codemeta.json
ArchaeoStat/ArchaeoPhases,https://github.com/ArchaeoStat/ArchaeoPhases,codemeta.json
caseyyoungflesh/MCMCvis,https://github.com/caseyyoungflesh/MCMCvis,codemeta.json
alandtse/auth_capture_proxy,https://github.com/alandtse/auth_capture_proxy,codemeta.json
ropensci/binman,https://github.com/ropensci/binman,codemeta.json
eagles-project/e3sm_mam4_refactor,https://github.com/eagles-project/e3sm_mam4_refactor,codemeta.json
pachadotdev/leontief,https://github.com/pachadotdev/leontief,codemeta.json
ms609/Rogue,https://github.com/ms609/Rogue,codemeta.json
vliz-be-opsci/open-code-tracking,https://github.com/vliz-be-opsci/open-code-tracking,codemeta.json
caltechlibrary/pairtree,https://github.com/caltechlibrary/pairtree,codemeta.json
gabrielblain/PowerSDI,https://github.com/gabrielblain/PowerSDI,codemeta.json
cristal-smac/atom,https://github.com/cristal-smac/atom,codemeta.json
nih-sparc/sparc-marker-paper-code,https://github.com/nih-sparc/sparc-marker-paper-code,codemeta.json
epfllibrary/costcalc,https://github.com/epfllibrary/costcalc,CODEMETA.json
e-kotov/mapineqr,https://github.com/e-kotov/mapineqr,codemeta.json
biogo/biogo,https://github.com/biogo/biogo,codemeta.json
RobinDenz1/simDAG,https://github.com/RobinDenz1/simDAG,codemeta.json
ATFutures/exposure,https://github.com/ATFutures/exposure,codemeta.json
2xs/pip-mpu-armv7-hello-world,https://github.com/2xs/pip-mpu-armv7-hello-world,codemeta.json
LanguageMachines/dimbl,https://github.com/LanguageMachines/dimbl,codemeta.json
bjmorgan/bsym,https://github.com/bjmorgan/bsym,codemeta.json
LanguageMachines/libfolia,https://github.com/LanguageMachines/libfolia,codemeta.json
ropensci/karel,https://github.com/ropensci/karel,codemeta.json
ropensci/targets,https://github.com/ropensci/targets,codemeta.json
dusadrian/declared,https://github.com/dusadrian/declared,codemeta.json
riatelab/gepaf,https://github.com/riatelab/gepaf,codemeta.json
FairRootGroup/FairRoot,https://github.com/FairRootGroup/FairRoot,codemeta.json
epinowcast/epinowcast,https://github.com/epinowcast/epinowcast,codemeta.json
caltechlibrary/irdm_harvester,https://github.com/caltechlibrary/irdm_harvester,codemeta.json
EGI-Federation/ansible-style-guide,https://github.com/EGI-Federation/ansible-style-guide,codemeta.json
OSC/ondemand,https://github.com/OSC/ondemand,codemeta.json
caltechlibrary/newt,https://github.com/caltechlibrary/newt,codemeta.json
fairdataihub/SODA-for-SPARC,https://github.com/fairdataihub/SODA-for-SPARC,codemeta.json
getwilds/cancerprof,https://github.com/getwilds/cancerprof,codemeta.json
bluegreen-labs/phenor,https://github.com/bluegreen-labs/phenor,codemeta.json
janelia-kicad/cluster-pcb,https://github.com/janelia-kicad/cluster-pcb,codemeta.json
ropensci/rgbif,https://github.com/ropensci/rgbif,codemeta.json
adokter/bioRad,https://github.com/adokter/bioRad,codemeta.json
dankelley/oce,https://github.com/dankelley/oce,codemeta.json
ropensci/getCRUCLdata,https://github.com/ropensci/getCRUCLdata,codemeta.json
USEPA/RAQSAPI,https://github.com/USEPA/RAQSAPI,codemeta.json
UrbanAnalyst/gtfsrouter,https://github.com/UrbanAnalyst/gtfsrouter,codemeta.json
EcoJulia/EcoSISTEM.jl,https://github.com/EcoJulia/EcoSISTEM.jl,codemeta.json
ropensci/rredlist,https://github.com/ropensci/rredlist,codemeta.json
ropensci/hydroscoper,https://github.com/ropensci/hydroscoper,codemeta.json
rOpenSpain/climaemet,https://github.com/rOpenSpain/climaemet,codemeta.json
EcoJulia/Diversity.jl,https://github.com/EcoJulia/Diversity.jl,codemeta.json
lbbe-software/seqinr,https://github.com/lbbe-software/seqinr,codemeta.json
ropensci/rvertnet,https://github.com/ropensci/rvertnet,codemeta.json
mpound/pdrtpy,https://github.com/mpound/pdrtpy,codemeta.json
janelia-kicad/trinamic-wiring,https://github.com/janelia-kicad/trinamic-wiring,codemeta.json
fran2410/AI-Open-Science,https://github.com/fran2410/AI-Open-Science,codemeta.json
JeffreyRStevens/ncaavolleyballr,https://github.com/JeffreyRStevens/ncaavolleyballr,codemeta.json
ropensci/fellingdater,https://github.com/ropensci/fellingdater,codemeta.json
KaiAragaki/reclanc,https://github.com/KaiAragaki/reclanc,codemeta.json
zbmed-semtec/doc2vec-doc-relevance,https://github.com/zbmed-semtec/doc2vec-doc-relevance,codemeta.json
JSadowska/testLille,https://github.com/JSadowska/testLille,codemeta.json
inbo/archivaltag,https://github.com/inbo/archivaltag,codemeta.json
fmyuan/E3SM,https://github.com/fmyuan/E3SM,codemeta.json
jorgesaenzdemiera/OpenScienceIndividual,https://github.com/jorgesaenzdemiera/OpenScienceIndividual,Codemeta.json
wlandau/crew,https://github.com/wlandau/crew,codemeta.json
caltechlibrary/codemeta-pandoc-examples,https://github.com/caltechlibrary/codemeta-pandoc-examples,codemeta.json
koenniem/mpathsenser,https://github.com/koenniem/mpathsenser,codemeta.json
ropensci/daiquiri,https://github.com/ropensci/daiquiri,codemeta.json
moranegg/deposit-template,https://github.com/moranegg/deposit-template,codemeta.json
PyFstat/PyFstat,https://github.com/PyFstat/PyFstat,codemeta.json
ropensci/dwctaxon,https://github.com/ropensci/dwctaxon,codemeta.json
AI-READI/schemas,https://github.com/AI-READI/schemas,codemeta.json
hpc-maths/samurai,https://github.com/hpc-maths/samurai,codemeta.json
pachadotdev/analogsea,https://github.com/pachadotdev/analogsea,codemeta.json
caltechlibrary/caltechdata,https://github.com/caltechlibrary/caltechdata,codemeta.json
dmgordo/relative-difference-sets,https://github.com/dmgordo/relative-difference-sets,codemeta.json
ropensci-review-tools/dashboard,https://github.com/ropensci-review-tools/dashboard,codemeta.json
dankelley/whalestrike,https://github.com/dankelley/whalestrike,codemeta.json
ropensci/osmplotr,https://github.com/ropensci/osmplotr,codemeta.json
MiguelRodo/DemProjrDebug,https://github.com/MiguelRodo/DemProjrDebug,codemeta.json
lifewatch/eva,https://github.com/lifewatch/eva,codemeta.json
Jluo1030/getdist,https://github.com/Jluo1030/getdist,codemeta.json
caltechlibrary/logagent,https://github.com/caltechlibrary/logagent,codemeta.json
rmgpanw/ukbwranglr,https://github.com/rmgpanw/ukbwranglr,codemeta.json
Lukas-Novak/psychtoolbox,https://github.com/Lukas-Novak/psychtoolbox,codemeta.json
caltechlibrary/dataciteapi,https://github.com/caltechlibrary/dataciteapi,codemeta.json
SATVILab/projr,https://github.com/SATVILab/projr,codemeta.json
benjiche/Plagiator-bch,https://github.com/benjiche/Plagiator-bch,codemeta.json
proycon/colloquery,https://github.com/proycon/colloquery,codemeta.json
proycon/oersetter-webservice,https://github.com/proycon/oersetter-webservice,codemeta.json
JordanIschard/DeBrLevel,https://github.com/JordanIschard/DeBrLevel,codemeta.json
j-faria/kima,https://github.com/j-faria/kima,codemeta.json
bcm-uga/hdmax2,https://github.com/bcm-uga/hdmax2,codemeta.json
ropensci/epubr,https://github.com/ropensci/epubr,codemeta.json
fchuffar/dmethr,https://github.com/fchuffar/dmethr,codemeta.json
cau-se/theodolite,https://github.com/cau-se/theodolite,codemeta.json
ropensci/Rpolyhedra,https://github.com/ropensci/Rpolyhedra,codemeta.json
Craig-PT/tsgc,https://github.com/Craig-PT/tsgc,codemeta.json
vuillaut/sandbox,https://github.com/vuillaut/sandbox,codemeta.json
MrGG14/Electricity-Price-Forecast-TFT,https://github.com/MrGG14/Electricity-Price-Forecast-TFT,Codemeta.json
NVlabs/E3SM,https://github.com/NVlabs/E3SM,codemeta.json
mlr-org/mcboost,https://github.com/mlr-org/mcboost,codemeta.json
CCSDForge/episciences,https://github.com/CCSDForge/episciences,codemeta.json
kguidonimartins/misc,https://github.com/kguidonimartins/misc,codemeta.json
brightway-lca/brightway2,https://github.com/brightway-lca/brightway2,codemeta.json
ropensci/riem,https://github.com/ropensci/riem,codemeta.json
CLARIAH/burgerLinker,https://github.com/CLARIAH/burgerLinker,codemeta.json
fusion-jena/XSearchKG,https://github.com/fusion-jena/XSearchKG,codemeta.json
amasson84/costcalc,https://github.com/amasson84/costcalc,CODEMETA.json
ropensci/baRulho,https://github.com/ropensci/baRulho,codemeta.json
pat-s/oddsratio,https://github.com/pat-s/oddsratio,codemeta.json
ropensci/tic,https://github.com/ropensci/tic,codemeta.json
giscience-fsu/sperrorest,https://github.com/giscience-fsu/sperrorest,codemeta.json
fairdataihub/FAIR-AMD-OCT-paper-code,https://github.com/fairdataihub/FAIR-AMD-OCT-paper-code,codemeta.json
ropensci/DataPackageR,https://github.com/ropensci/DataPackageR,codemeta.json
ropensci/melt,https://github.com/ropensci/melt,codemeta.json
ropensci/rerddap,https://github.com/ropensci/rerddap,codemeta.json
stain/signposting,https://github.com/stain/signposting,codemeta.json
matthiasprobst/ssnolib,https://github.com/matthiasprobst/ssnolib,codemeta.json
ropensci/crul,https://github.com/ropensci/crul,codemeta.json
kjgarza/parrot_gpt,https://github.com/kjgarza/parrot_gpt,codemeta.json
ropensci/tiler,https://github.com/ropensci/tiler,codemeta.json
tesselle/kairos,https://github.com/tesselle/kairos,codemeta.json
Parsl/parsl,https://github.com/Parsl/parsl,codemeta.json
parham075/TextSummerizer-NLP,https://github.com/parham075/TextSummerizer-NLP,codemeta.json
jamestsakalos/climenv,https://github.com/jamestsakalos/climenv,codemeta.json
FRBCesab/rdeps,https://github.com/FRBCesab/rdeps,codemeta.json
interTwin-eu/dcnios,https://github.com/interTwin-eu/dcnios,codemeta.json
ropensci/phruta,https://github.com/ropensci/phruta,codemeta.json
adrijmz/os_group_project,https://github.com/adrijmz/os_group_project,codemeta.json
caltechlibrary/ts_dataset,https://github.com/caltechlibrary/ts_dataset,codemeta.json
janelia-kicad/mouse_joystick_controller,https://github.com/janelia-kicad/mouse_joystick_controller,codemeta.json
janelia-kicad/mouse-joystick-pcb,https://github.com/janelia-kicad/mouse-joystick-pcb,codemeta.json
iPoetDev/template-guided-projects,https://github.com/iPoetDev/template-guided-projects,codemeta.json
ropensci/osmapiR,https://github.com/ropensci/osmapiR,codemeta.json
ropensci/mauricer,https://github.com/ropensci/mauricer,codemeta.json
ropensci/mcbette,https://github.com/ropensci/mcbette,codemeta.json
ajpelu/likelihoodTools,https://github.com/ajpelu/likelihoodTools,codemeta.json
Infineon/StreamGen,https://github.com/Infineon/StreamGen,codemeta.json
bojanakoteska/SchrodingerAPI,https://github.com/bojanakoteska/SchrodingerAPI,codemeta.json
luca-giunti/gammapyXray,https://github.com/luca-giunti/gammapyXray,codemeta.json
paramm-team/pybamm-param,https://github.com/paramm-team/pybamm-param,codemeta.json
EDIorg/ecocomDP,https://github.com/EDIorg/ecocomDP,codemeta.json
Raaquel09/IAGrupoOptativa,https://github.com/Raaquel09/IAGrupoOptativa,codemeta.json
hykelvinlee42/RRLeo-Photometry,https://github.com/hykelvinlee42/RRLeo-Photometry,codemeta.json
llrs/experDesign,https://github.com/llrs/experDesign,codemeta.json
JorgeMIng/PDF_ArticleAnlyzer,https://github.com/JorgeMIng/PDF_ArticleAnlyzer,codemeta.json
zyhu-hu/E3SM_private,https://github.com/zyhu-hu/E3SM_private,codemeta.json
Rafnuss/GeoPressureR,https://github.com/Rafnuss/GeoPressureR,codemeta.json
digital-porous-media/geometric_characterization,https://github.com/digital-porous-media/geometric_characterization,codemeta.json
JiaxuZ/E3SMv2_CL_SOM,https://github.com/JiaxuZ/E3SMv2_CL_SOM,codemeta.json
gopherdata/gophernotes,https://github.com/gopherdata/gophernotes,codemeta.json
instatdealii/idealii,https://github.com/instatdealii/idealii,codemeta.json
QuantumPackage/qp2,https://github.com/QuantumPackage/qp2,codemeta.json
ropensci-review-tools/pkgstats,https://github.com/ropensci-review-tools/pkgstats,codemeta.json
AgrDataSci/gosset,https://github.com/AgrDataSci/gosset,codemeta.json
smnnlt/c3dr,https://github.com/smnnlt/c3dr,codemeta.json
ropensci/eph,https://github.com/ropensci/eph,codemeta.json
siconos/siconos,https://github.com/siconos/siconos,codemeta.json
burkh4rt/Unsupervised-Multimodal-Trajectory-Modeling,https://github.com/burkh4rt/Unsupervised-Multimodal-Trajectory-Modeling,codemeta.json
s3alfisc/fwildclusterboot,https://github.com/s3alfisc/fwildclusterboot,codemeta.json
leonawicz/tabr,https://github.com/leonawicz/tabr,codemeta.json
dieghernan/resmush,https://github.com/dieghernan/resmush,codemeta.json
MITDDC/mdl-1971-1987,https://github.com/MITDDC/mdl-1971-1987,codemeta.json
elipousson/sharepointr,https://github.com/elipousson/sharepointr,codemeta.json
MrGG14/OpenScience,https://github.com/MrGG14/OpenScience,Codemeta.json
janelia-python/mouse_joystick_interface_python,https://github.com/janelia-python/mouse_joystick_interface_python,codemeta.json
elnjensen/Tapir,https://github.com/elnjensen/Tapir,codemeta.json
janelia-python/loadstar_sensors_interface_python,https://github.com/janelia-python/loadstar_sensors_interface_python,codemeta.json
ANRChoucas/QualityMetadataSpatialLandmarkDataset,https://github.com/ANRChoucas/QualityMetadataSpatialLandmarkDataset,codemeta.json
etiennepayet/nti,https://github.com/etiennepayet/nti,codemeta.json
JorgeMIng/Article_Graph,https://github.com/JorgeMIng/Article_Graph,codemeta.json
ropensci-review-tools/pkgcheck,https://github.com/ropensci-review-tools/pkgcheck,codemeta.json
rgcca-factory/RGCCA,https://github.com/rgcca-factory/RGCCA,codemeta.json
janelia-kicad/prism-pcb,https://github.com/janelia-kicad/prism-pcb,codemeta.json
fospald/heamd,https://github.com/fospald/heamd,codemeta.json
ropensci/sofa,https://github.com/ropensci/sofa,codemeta.json
elipousson/filenamr,https://github.com/elipousson/filenamr,codemeta.json
jrybarczyk/levi,https://github.com/jrybarczyk/levi,codemeta.json
demetresfytanides/E3SM_RRM,https://github.com/demetresfytanides/E3SM_RRM,codemeta.json
parham075/Taxi-Fare_Prediction,https://github.com/parham075/Taxi-Fare_Prediction,codemeta.json
jonesor/Rage,https://github.com/jonesor/Rage,codemeta.json
land-info-lab/viewscape,https://github.com/land-info-lab/viewscape,codemeta.json
ropensci/ckanr,https://github.com/ropensci/ckanr,codemeta.json
antydemidov/R-MoTMo,https://github.com/antydemidov/R-MoTMo,codemeta.json
ms609/TreeSearch,https://github.com/ms609/TreeSearch,codemeta.json
pan-training/training-catalogue,https://github.com/pan-training/training-catalogue,codemeta.json
ToowoombaTrio/John_Conner,https://github.com/ToowoombaTrio/John_Conner,codemeta.json
mpadge/spatialcluster,https://github.com/mpadge/spatialcluster,codemeta.json
LanguageMachines/ticcltools,https://github.com/LanguageMachines/ticcltools,codemeta.json
Wimmics/corese,https://github.com/Wimmics/corese,codemeta.json
ellfran-7/cluefish,https://github.com/ellfran-7/cluefish,codemeta.json
LEEF-UZH/zenDep,https://github.com/LEEF-UZH/zenDep,codemeta.json
rsdoiel/lablr,https://github.com/rsdoiel/lablr,codemeta.json
karthik/wesanderson,https://github.com/karthik/wesanderson,codemeta.json
mikemahoney218/mvdf,https://github.com/mikemahoney218/mvdf,codemeta.json
greta-dev/greta,https://github.com/greta-dev/greta,codemeta.json
ropensci/nuts,https://github.com/ropensci/nuts,codemeta.json
inpefess/gym-saturation,https://github.com/inpefess/gym-saturation,codemeta.json
SimTech-Research-Data-Management/harvester-curator,https://github.com/SimTech-Research-Data-Management/harvester-curator,codemeta.json
ropensci/aorsf,https://github.com/ropensci/aorsf,codemeta.json
caltechlibrary/cloud-init-examples,https://github.com/caltechlibrary/cloud-init-examples,codemeta.json
crp2a/BayLum,https://github.com/crp2a/BayLum,codemeta.json
ipeaGIT/gtfstools,https://github.com/ipeaGIT/gtfstools,codemeta.json
bihealth/altamisa,https://github.com/bihealth/altamisa,codemeta.json
aaronm-2112/codefair-test-repo,https://github.com/aaronm-2112/codefair-test-repo,codemeta.json
CLaag/LESLIE,https://github.com/CLaag/LESLIE,codemeta.json
R-Lum/RLumModel,https://github.com/R-Lum/RLumModel,codemeta.json
howardbaik/audrey,https://github.com/howardbaik/audrey,codemeta.json
bvhpatel/my-data-analysis-code,https://github.com/bvhpatel/my-data-analysis-code,codemeta.json
mpadge/jsonschema,https://github.com/mpadge/jsonschema,codemeta.json
rOpenGov/giscoR,https://github.com/rOpenGov/giscoR,codemeta.json
NanoComp/meep,https://github.com/NanoComp/meep,codemeta.json
ropensci/rangr,https://github.com/ropensci/rangr,codemeta.json
ropensci/DataSpaceR,https://github.com/ropensci/DataSpaceR,codemeta.json
willgryan/PAVER,https://github.com/willgryan/PAVER,codemeta.json
rreinecke/global-gradient-based-groundwater-model,https://github.com/rreinecke/global-gradient-based-groundwater-model,codemeta.json
mscroggs/pyfax,https://github.com/mscroggs/pyfax,codemeta.json
UrbanAnalyst/naturoute,https://github.com/UrbanAnalyst/naturoute,codemeta.json
UrbanAnalyst/us-hardship-index,https://github.com/UrbanAnalyst/us-hardship-index,codemeta.json
UrbanAnalyst/m4ra,https://github.com/UrbanAnalyst/m4ra,codemeta.json
adamhsparks/ChickpeaAscoDispersal,https://github.com/adamhsparks/ChickpeaAscoDispersal,codemeta.json
gemini3d/gemini3d,https://github.com/gemini3d/gemini3d,codemeta.json
mlsquared/Panako_Adjusted,https://github.com/mlsquared/Panako_Adjusted,codemeta.json
heuermh/cooper,https://github.com/heuermh/cooper,codemeta.json
ropensci/taxizedb,https://github.com/ropensci/taxizedb,codemeta.json
mychem/mychem-code,https://github.com/mychem/mychem-code,codemeta.json
ropensci/rdhs,https://github.com/ropensci/rdhs,codemeta.json
kaylai/VESIcal,https://github.com/kaylai/VESIcal,codemeta.json
aravind-j/PGRdup,https://github.com/aravind-j/PGRdup,codemeta.json
ludovicmoncla/perdido,https://github.com/ludovicmoncla/perdido,codemeta.json
bioc/drugfindR,https://github.com/bioc/drugfindR,codemeta.json
lauramble/servicemeta,https://github.com/lauramble/servicemeta,codemeta.json
explore-platform/g-tomo,https://github.com/explore-platform/g-tomo,codemeta.json
visualon/sat4j,https://github.com/visualon/sat4j,codemeta.json
caltechlibrary/wsfn,https://github.com/caltechlibrary/wsfn,codemeta.json
agricolamz/lingglosses,https://github.com/agricolamz/lingglosses,codemeta.json
pachadotdev/presupuestochile,https://github.com/pachadotdev/presupuestochile,codemeta.json
cristal-smac/ioda,https://github.com/cristal-smac/ioda,codemeta.json
super-lou/NCf,https://github.com/super-lou/NCf,codemeta.json
super-lou/EXstat,https://github.com/super-lou/EXstat,codemeta.json
FIPE18-007-VERMEULEN/xapi-profile-card-game,https://github.com/FIPE18-007-VERMEULEN/xapi-profile-card-game,codemeta.json
FIPE18-007-VERMEULEN/xapi-profile-agile,https://github.com/FIPE18-007-VERMEULEN/xapi-profile-agile,codemeta.json
datapumpernickel/milRex,https://github.com/datapumpernickel/milRex,codemeta.json
crillab/gophersat,https://github.com/crillab/gophersat,codemeta.json
danielvartan/opendatasus,https://github.com/danielvartan/opendatasus,codemeta.json
Ramy-Badr-Ahmed/php-swh-client,https://github.com/Ramy-Badr-Ahmed/php-swh-client,codemeta.json
tesselle/ananke,https://github.com/tesselle/ananke,codemeta.json
BlauGroup/RNMC,https://github.com/BlauGroup/RNMC,codemeta.json
sjentsch/jmvReadWrite,https://github.com/sjentsch/jmvReadWrite,codemeta.json
nfrerebeau/odyssey,https://github.com/nfrerebeau/odyssey,codemeta.json
riatelab/flows,https://github.com/riatelab/flows,codemeta.json
ropensci/jqr,https://github.com/ropensci/jqr,codemeta.json
SPARC-FAIR-Codeathon/sPARcRNA_Viz,https://github.com/SPARC-FAIR-Codeathon/sPARcRNA_Viz,codemeta.json
cboettig/codemeta,https://github.com/cboettig/codemeta,codemeta.json
ecohealthalliance/relic,https://github.com/ecohealthalliance/relic,codemeta.json
SebKrantz/dfms,https://github.com/SebKrantz/dfms,codemeta.json
assignUser/octolog,https://github.com/assignUser/octolog,codemeta.json
b-rodrigues/chronicler,https://github.com/b-rodrigues/chronicler,codemeta.json
ropenscilabs/deposits,https://github.com/ropenscilabs/deposits,codemeta.json
MSKCC-Epi-Bio/bstfun,https://github.com/MSKCC-Epi-Bio/bstfun,codemeta.json
ropensci-review-tools/autotest,https://github.com/ropensci-review-tools/autotest,codemeta.json
gogonzo/runner,https://github.com/gogonzo/runner,codemeta.json
EDIorg/dataCleanr,https://github.com/EDIorg/dataCleanr,codemeta.json
ropensci/taxadb,https://github.com/ropensci/taxadb,codemeta.json
ropensci/babette,https://github.com/ropensci/babette,codemeta.json
zadrafi/concurve,https://github.com/zadrafi/concurve,codemeta.json
cienciadedatos/dados,https://github.com/cienciadedatos/dados,codemeta.json
ropensci-review-tools/roreviewapi,https://github.com/ropensci-review-tools/roreviewapi,codemeta.json
caltechlibrary/codemeta2cff,https://github.com/caltechlibrary/codemeta2cff,codemeta.json
caltechlibrary/csvtextarea,https://github.com/caltechlibrary/csvtextarea,codemeta.json
caltechlibrary/CMTools,https://github.com/caltechlibrary/CMTools,codemeta.json
caltechlibrary/caltechauthors,https://github.com/caltechlibrary/caltechauthors,codemeta.json
A-Klingenberg/VIPER,https://github.com/A-Klingenberg/VIPER,codemeta.json
EcoJulia/EcoBase.jl,https://github.com/EcoJulia/EcoBase.jl,codemeta.json
sckott/cowsay,https://github.com/sckott/cowsay,codemeta.json
CSCfi/PID-MS-API,https://github.com/CSCfi/PID-MS-API,codemeta.json
lbbe-software/nlstools,https://github.com/lbbe-software/nlstools,codemeta.json
lbbe-software/nlsMicrobio,https://github.com/lbbe-software/nlsMicrobio,codemeta.json
niuniular/MDDC,https://github.com/niuniular/MDDC,codemeta.json
LCBC-UiO/galamm,https://github.com/LCBC-UiO/galamm,codemeta.json
codemeta/codemeta,https://github.com/codemeta/codemeta,codemeta.json
ropensci/webchem,https://github.com/ropensci/webchem,codemeta.json
inrae/pgd-mmdt,https://github.com/inrae/pgd-mmdt,codemeta.json
adeverse/adephylo,https://github.com/adeverse/adephylo,codemeta.json
megasanjay/test-staging,https://github.com/megasanjay/test-staging,codemeta.json
phreppo/bait,https://github.com/phreppo/bait,codemeta.json
palaeoverse/rphylopic,https://github.com/palaeoverse/rphylopic,codemeta.json
r-spatialecology/landscapemetrics,https://github.com/r-spatialecology/landscapemetrics,codemeta.json
apdavison/fairgraph,https://github.com/apdavison/fairgraph,codemeta.json
sgibb/MALDIquant,https://github.com/sgibb/MALDIquant,codemeta.json
EMODnet/EMODnetBiocheck,https://github.com/EMODnet/EMODnetBiocheck,codemeta.json
ropensci/stats19,https://github.com/ropensci/stats19,codemeta.json
ai4os/ai4os-dev-env,https://github.com/ai4os/ai4os-dev-env,codemeta.json
jonas-ellert/linear-time-runs,https://github.com/jonas-ellert/linear-time-runs,codemeta.json
ropensci/restez,https://github.com/ropensci/restez,codemeta.json
LanguageMachines/wopr,https://github.com/LanguageMachines/wopr,codemeta.json
jbkunst/highcharter,https://github.com/jbkunst/highcharter,codemeta.json
astroumd/miriad,https://github.com/astroumd/miriad,codemeta.json
meng630/e3sm_maint-2.0,https://github.com/meng630/e3sm_maint-2.0,codemeta.json
meng630/GMD_E3SM_SCM,https://github.com/meng630/GMD_E3SM_SCM,codemeta.json
MaRDI4NFDI/python-zbMathRest2Oai,https://github.com/MaRDI4NFDI/python-zbMathRest2Oai,codemeta.json
peterpolidoro/kicad_bom,https://github.com/peterpolidoro/kicad_bom,codemeta.json
OJWatson/magenta,https://github.com/OJWatson/magenta,codemeta.json
mchen96/southern_ocean_eddy_subduction,https://github.com/mchen96/southern_ocean_eddy_subduction,codemeta.json
elipousson/crashapi,https://github.com/elipousson/crashapi,codemeta.json
dhersz/dhmisc,https://github.com/dhersz/dhmisc,codemeta.json
dhersz/aopcoisas,https://github.com/dhersz/aopcoisas,codemeta.json
caltechlibrary/metadatatools,https://github.com/caltechlibrary/metadatatools,codemeta.json
caltechlibrary/tccon-caltechdata,https://github.com/caltechlibrary/tccon-caltechdata,codemeta.json
caltechlibrary/pubarchiver,https://github.com/caltechlibrary/pubarchiver,codemeta.json
rsdoiel/scripttool,https://github.com/rsdoiel/scripttool,codemeta.json
santikka/dosearch,https://github.com/santikka/dosearch,codemeta.json
rsdoiel/obc-3-libext,https://github.com/rsdoiel/obc-3-libext,codemeta.json
tmorrell/Testing,https://github.com/tmorrell/Testing,codemeta.json
rsdoiel/osf,https://github.com/rsdoiel/osf,codemeta.json
rsdoiel/gameset,https://github.com/rsdoiel/gameset,codemeta.json
rsdoiel/opml,https://github.com/rsdoiel/opml,codemeta.json
mateoservent/coefeasy,https://github.com/mateoservent/coefeasy,codemeta.json
rsdoiel/fdx,https://github.com/rsdoiel/fdx,codemeta.json
rsdoiel/Artemis,https://github.com/rsdoiel/Artemis,codemeta.json
rsdoiel/fmt,https://github.com/rsdoiel/fmt,codemeta.json
rsdoiel/MakeRecipes,https://github.com/rsdoiel/MakeRecipes,codemeta.json
Neplex/COveR,https://github.com/Neplex/COveR,codemeta.json
kit-data-manager/pid-component,https://github.com/kit-data-manager/pid-component,codemeta.json
frictionlessdata/frictionless-r,https://github.com/frictionlessdata/frictionless-r,codemeta.json
mmerrittsmith/rothko,https://github.com/mmerrittsmith/rothko,codemeta.json
iPoetDev/ibm-skills-ai-colab-sessions,https://github.com/iPoetDev/ibm-skills-ai-colab-sessions,codemeta.json
mpadge/gender-conscious-routing,https://github.com/mpadge/gender-conscious-routing,codemeta.json
ErwinKomen/RU-cesar,https://github.com/ErwinKomen/RU-cesar,codemeta.json
ropensci/censo2017,https://github.com/ropensci/censo2017,codemeta.json
R-Lum/RLumCarlo,https://github.com/R-Lum/RLumCarlo,codemeta.json
pachadotdev/casen,https://github.com/pachadotdev/casen,codemeta.json
danielvartan/lockr,https://github.com/danielvartan/lockr,codemeta.json
green-striped-gecko/dartR,https://github.com/green-striped-gecko/dartR,codemeta.json
2xs/pipcore-mpu,https://github.com/2xs/pipcore-mpu,codemeta.json
FairRootGroup/FairMQ,https://github.com/FairRootGroup/FairMQ,codemeta.json
bioconductor-source/BioCor,https://github.com/bioconductor-source/BioCor,codemeta.json
bioconductor-source/drugfindR,https://github.com/bioconductor-source/drugfindR,codemeta.json
bioconductor-source/treeio,https://github.com/bioconductor-source/treeio,codemeta.json
rsdoiel/antenna,https://github.com/rsdoiel/antenna,codemeta.json
inbo/movepub,https://github.com/inbo/movepub,codemeta.json
YuLab-SMU/treeio,https://github.com/YuLab-SMU/treeio,codemeta.json
elipousson/maplayer,https://github.com/elipousson/maplayer,codemeta.json
ropensci/dbparser,https://github.com/ropensci/dbparser,codemeta.json
beeldengeluid/dane-asr-worker,https://github.com/beeldengeluid/dane-asr-worker,codemeta.json
YaoYinYing/FoldDock,https://github.com/YaoYinYing/FoldDock,codemeta.json
Permian-Global-Research/rsi,https://github.com/Permian-Global-Research/rsi,codemeta.json
janelia-kicad/janelia-kicad-library,https://github.com/janelia-kicad/janelia-kicad-library,codemeta.json
asitav-sen/KoboconnectR,https://github.com/asitav-sen/KoboconnectR,codemeta.json
ThierryO/hexgrts,https://github.com/ThierryO/hexgrts,codemeta.json
ropensci/yfR,https://github.com/ropensci/yfR,codemeta.json
elipousson/standaloner,https://github.com/elipousson/standaloner,codemeta.json
ropensci/rb3,https://github.com/ropensci/rb3,codemeta.json
elipousson/bcpss,https://github.com/elipousson/bcpss,codemeta.json
jingxianwen/E3SM_v2_alpha_UMRad,https://github.com/jingxianwen/E3SM_v2_alpha_UMRad,codemeta.json
cusyio/Python4DataScience,https://github.com/cusyio/Python4DataScience,codemeta.json
tesselle/alkahest,https://github.com/tesselle/alkahest,codemeta.json
tvwenger/bayes_spec,https://github.com/tvwenger/bayes_spec,codemeta.json
INM-6/beaverdam,https://github.com/INM-6/beaverdam,codemeta.json
SedFoam/sedfoam,https://github.com/SedFoam/sedfoam,codemeta.json
u2takey/gopyter,https://github.com/u2takey/gopyter,codemeta.json
franzbischoff/false.alarm,https://github.com/franzbischoff/false.alarm,codemeta.json
kuffmode/msa,https://github.com/kuffmode/msa,codemeta.json
dankelley/oceglider,https://github.com/dankelley/oceglider,codemeta.json
Mariizero/ECGRat,https://github.com/Mariizero/ECGRat,codemeta.json
saw-leipzig/csv2cmi,https://github.com/saw-leipzig/csv2cmi,codemeta.json
Clementmoreau/CPG-swimmer,https://github.com/Clementmoreau/CPG-swimmer,codemeta.json
peterpolidoro/wingbeat_detector,https://github.com/peterpolidoro/wingbeat_detector,codemeta.json
pachadotdev/canadamaps,https://github.com/pachadotdev/canadamaps,codemeta.json
gothub/sandbox,https://github.com/gothub/sandbox,codemeta.jsonld
pachadotdev/LSTS,https://github.com/pachadotdev/LSTS,codemeta.json
pachadotdev/economiccomplexity,https://github.com/pachadotdev/economiccomplexity,codemeta.json
elipousson/bingmapr,https://github.com/elipousson/bingmapr,codemeta.json
ropensci/chopin,https://github.com/ropensci/chopin,codemeta.json
santikka/cfid,https://github.com/santikka/cfid,codemeta.json
PietrH/b3anatest,https://github.com/PietrH/b3anatest,codemeta.json
mhucka/mhucka,https://github.com/mhucka/mhucka,codemeta.json
mhucka/devonthink-hacks,https://github.com/mhucka/devonthink-hacks,codemeta.json
mhucka/zoinks,https://github.com/mhucka/zoinks,codemeta.json
dhermes/bezier,https://github.com/dhermes/bezier,codemeta.json
ropensci/webmockr,https://github.com/ropensci/webmockr,codemeta.json
ropensci/naijR,https://github.com/ropensci/naijR,codemeta.json
UrbanAnalyst/dodgr,https://github.com/UrbanAnalyst/dodgr,codemeta.json
jonesor/Rcompadre,https://github.com/jonesor/Rcompadre,codemeta.json
bvhpatel/my-awesome-research-software,https://github.com/bvhpatel/my-awesome-research-software,codemeta.json
boydorr/ResearchSoftwareMetadata.jl,https://github.com/boydorr/ResearchSoftwareMetadata.jl,codemeta.json
pynucastro/pynucastro,https://github.com/pynucastro/pynucastro,codemeta.json
ropensci/piggyback,https://github.com/ropensci/piggyback,codemeta.json
christophmschaefer/miluphcuda,https://github.com/christophmschaefer/miluphcuda,codemeta.json
boydorr/ClimatePref.jl,https://github.com/boydorr/ClimatePref.jl,codemeta.json
CogDisResLab/KRSA,https://github.com/CogDisResLab/KRSA,codemeta.json
const-ae/ggsignif,https://github.com/const-ae/ggsignif,codemeta.json
jimbrig/pgres,https://github.com/jimbrig/pgres,codemeta.json
jimbrig/pkgdev,https://github.com/jimbrig/pkgdev,codemeta.json
jimbrig/RPkg,https://github.com/jimbrig/RPkg,codemeta.json
ropensci/chirps,https://github.com/ropensci/chirps,codemeta.json
marioa/fair-test,https://github.com/marioa/fair-test,codemeta.json
boydorr/TraitExtraction.jl,https://github.com/boydorr/TraitExtraction.jl,codemeta.json
ropensci/charlatan,https://github.com/ropensci/charlatan,codemeta.json
AI-READI/DataElementMaps,https://github.com/AI-READI/DataElementMaps,codemeta.json
danielvartan/scaler,https://github.com/danielvartan/scaler,codemeta.json
danielvartan/iramuteqlike,https://github.com/danielvartan/iramuteqlike,codemeta.json
riatelab/fisheye,https://github.com/riatelab/fisheye,codemeta.json
duetosymmetry/qnm,https://github.com/duetosymmetry/qnm,codemeta.json
adrn/gala,https://github.com/adrn/gala,codemeta.json
MITDDC/plnr-1971-1982,https://github.com/MITDDC/plnr-1971-1982,codemeta.json
ropensci-review-tools/pkgmatch,https://github.com/ropensci-review-tools/pkgmatch,codemeta.json
fairdataihub/FAIR-BioRS-Docs,https://github.com/fairdataihub/FAIR-BioRS-Docs,codemeta.json
jimbrig/migrate,https://github.com/jimbrig/migrate,codemeta.json
megasanjay/test,https://github.com/megasanjay/test,codemeta.json
indigo-dc/udocker,https://github.com/indigo-dc/udocker,codemeta.json
AgrDataSci/gdistance,https://github.com/AgrDataSci/gdistance,codemeta.json
slugb0t/FlaskBlog,https://github.com/slugb0t/FlaskBlog,codemeta.json
ropensci/tarchetypes,https://github.com/ropensci/tarchetypes,codemeta.json
ropensci/occCite,https://github.com/ropensci/occCite,codemeta.json
luca-giunti/gammapyXray-fork,https://github.com/luca-giunti/gammapyXray-fork,codemeta.json
ropensci/GLMMcosinor,https://github.com/ropensci/GLMMcosinor,codemeta.json
ms609/TreeDistData,https://github.com/ms609/TreeDistData,codemeta.json
pachadotdev/capybara,https://github.com/pachadotdev/capybara,codemeta.json
TCCON/GGG,https://github.com/TCCON/GGG,codemeta.json
eoap/how-to,https://github.com/eoap/how-to,codemeta.json
aravind-j/avial,https://github.com/aravind-j/avial,codemeta.json
rorynolan/detrendr,https://github.com/rorynolan/detrendr,codemeta.json
matthiasprobst/generic-linked-database,https://github.com/matthiasprobst/generic-linked-database,codemeta.json
e-sensing/sits,https://github.com/e-sensing/sits,codemeta.json
Adafede/cascade,https://github.com/Adafede/cascade,codemeta.json
r-spatialecology/shar,https://github.com/r-spatialecology/shar,codemeta.json
fair-test/license-already-here,https://github.com/fair-test/license-already-here,codemeta.json
FairRootGroup/DDS,https://github.com/FairRootGroup/DDS,codemeta.json
CogDisResLab/drugfindR,https://github.com/CogDisResLab/drugfindR,codemeta.json
rOpenGov/iotables,https://github.com/rOpenGov/iotables,codemeta.json
R3BRootGroup/frs,https://github.com/R3BRootGroup/frs,codemeta.json
BehavioralDataAnalysis/R_package,https://github.com/BehavioralDataAnalysis/R_package,codemeta.json
lyh970817/qualtdict,https://github.com/lyh970817/qualtdict,codemeta.json
riatelab/cartography,https://github.com/riatelab/cartography,codemeta.json
ropensci/nodbi,https://github.com/ropensci/nodbi,codemeta.json
tessgi/tess-point,https://github.com/tessgi/tess-point,codemeta.json
RobinDenz1/CareDensity,https://github.com/RobinDenz1/CareDensity,codemeta.json
R-Lum/RLumBuild,https://github.com/R-Lum/RLumBuild,codemeta.json
jucheval/MeanFieldGraph.jl,https://github.com/jucheval/MeanFieldGraph.jl,codemeta.json
shubhamdutta26/mapindia,https://github.com/shubhamdutta26/mapindia,codemeta.json
ropensci/ReLTER,https://github.com/ropensci/ReLTER,codemeta.json
megasanjay/upload-to-zenodo,https://github.com/megasanjay/upload-to-zenodo,codemeta.json
ms609/Ternary,https://github.com/ms609/Ternary,codemeta.json
riatelab/maplegend,https://github.com/riatelab/maplegend,codemeta.json
craddm/eegUtils,https://github.com/craddm/eegUtils,codemeta.json
m-team-kit/cookiecutter-web-backend,https://github.com/m-team-kit/cookiecutter-web-backend,codemeta.json
super-lou/dataSHEEP,https://github.com/super-lou/dataSHEEP,codemeta.json
AAGI-AUS/AAGIThemes,https://github.com/AAGI-AUS/AAGIThemes,codemeta.json
mhpob/rvdat,https://github.com/mhpob/rvdat,codemeta.json
caltechlibrary/ead2dc,https://github.com/caltechlibrary/ead2dc,codemeta.json
NeuralEnsemble/python-neo,https://github.com/NeuralEnsemble/python-neo,codemeta.json
ropensci/comtradr,https://github.com/ropensci/comtradr,codemeta.json
ropensci/vcr,https://github.com/ropensci/vcr,codemeta.json
yt-project/unyt,https://github.com/yt-project/unyt,codemeta.json
epinowcast/primarycensored,https://github.com/epinowcast/primarycensored,codemeta.json
ropensci/fireexposuR,https://github.com/ropensci/fireexposuR,codemeta.json
ropensci/medrxivr,https://github.com/ropensci/medrxivr,codemeta.json
pfeinsper/drone-swarm-search,https://github.com/pfeinsper/drone-swarm-search,codemeta.json
noclocks/noclocksai,https://github.com/noclocks/noclocksai,codemeta.json
tidyverse/tidyverse,https://github.com/tidyverse/tidyverse,codemeta.json
ashbythorpe/selenider,https://github.com/ashbythorpe/selenider,codemeta.json
benmarwick/predictSource,https://github.com/benmarwick/predictSource,codemeta.json
ropensci/ohun,https://github.com/ropensci/ohun,codemeta.json
2xs/pip-mpu-armv7-launcher,https://github.com/2xs/pip-mpu-armv7-launcher,codemeta.json
LanguageMachines/ticcutils,https://github.com/LanguageMachines/ticcutils,codemeta.json
LanguageMachines/mbt,https://github.com/LanguageMachines/mbt,codemeta.json
gem-pasteur/macsyfinder,https://github.com/gem-pasteur/macsyfinder,codemeta.json
fair-test/denjji,https://github.com/fair-test/denjji,codemeta.json
DrMattG/SDGsR,https://github.com/DrMattG/SDGsR,codemeta.json
CLOVER-energy/CLOVER,https://github.com/CLOVER-energy/CLOVER,codemeta.json
joeroe/rintchron,https://github.com/joeroe/rintchron,codemeta.json
ropensci-books/targets,https://github.com/ropensci-books/targets,codemeta.json
joeroe/rpaleoclim,https://github.com/joeroe/rpaleoclim,codemeta.json
cta-observatory/lstosa,https://github.com/cta-observatory/lstosa,codemeta.json
rism-digital/verovio,https://github.com/rism-digital/verovio,codemeta.json
DanChaltiel/crosstable,https://github.com/DanChaltiel/crosstable,codemeta.json
rjfarmer/pyMesa,https://github.com/rjfarmer/pyMesa,codemeta.json
MiguelRodo/projrsimple,https://github.com/MiguelRodo/projrsimple,codemeta.json
R3BRootGroup/sofia,https://github.com/R3BRootGroup/sofia,codemeta.json
R3BRootGroup/asyeos,https://github.com/R3BRootGroup/asyeos,codemeta.json
ropensci/mapmetadata,https://github.com/ropensci/mapmetadata,codemeta.json
apdavison/bulbnet-reproduction,https://github.com/apdavison/bulbnet-reproduction,codemeta.json
adeverse/adespatial,https://github.com/adeverse/adespatial,codemeta.json
ropensci/QuadratiK,https://github.com/ropensci/QuadratiK,codemeta.json
mscroggs/symfem,https://github.com/mscroggs/symfem,codemeta.json
spablotemporal/quantrra,https://github.com/spablotemporal/quantrra,codemeta.json
ai4os/ai4-compose,https://github.com/ai4os/ai4-compose,codemeta.json
bnicenboim/eeguana,https://github.com/bnicenboim/eeguana,codemeta.json
Lifemap-ToL/LifemapR,https://github.com/Lifemap-ToL/LifemapR,codemeta.json
edamontology/caseologue,https://github.com/edamontology/caseologue,codemeta.json
Bisaloo/xlcutter,https://github.com/Bisaloo/xlcutter,codemeta.json
ivh/PyReduce,https://github.com/ivh/PyReduce,codemeta.json
ferrighi/mosaic,https://github.com/ferrighi/mosaic,codemeta.json
openMetadataInitiative/openMINDS_Python,https://github.com/openMetadataInitiative/openMINDS_Python,codemeta.json
caltechlibrary/dataset,https://github.com/caltechlibrary/dataset,codemeta.json
adokter/vol2birdR,https://github.com/adokter/vol2birdR,codemeta.json
rsdoiel/stngo,https://github.com/rsdoiel/stngo,codemeta.json
rsdoiel/shorthand,https://github.com/rsdoiel/shorthand,codemeta.json
rsdoiel/pdtmpl,https://github.com/rsdoiel/pdtmpl,codemeta.json
MiguelRodo/Slides25HonsStatsComp,https://github.com/MiguelRodo/Slides25HonsStatsComp,codemeta.json
ropensci/lightr,https://github.com/ropensci/lightr,codemeta.json
e-kotov/rJavaEnv,https://github.com/e-kotov/rJavaEnv,codemeta.json
javizhangg/task1-AIAOSIRSE,https://github.com/javizhangg/task1-AIAOSIRSE,codemeta.json
PaulMelloy/cercospoRa,https://github.com/PaulMelloy/cercospoRa,codemeta.json
charlie86/spotifyr,https://github.com/charlie86/spotifyr,codemeta.json
rOpenGov/r311,https://github.com/rOpenGov/r311,codemeta.json
JeremyGelb/geocmeans,https://github.com/JeremyGelb/geocmeans,codemeta.json
buformationR2/plagiator,https://github.com/buformationR2/plagiator,codemeta.json
MolSSI/QCEngine,https://github.com/MolSSI/QCEngine,codemeta.json
caltechlibrary/a_to_z_ul,https://github.com/caltechlibrary/a_to_z_ul,codemeta.json
JeffreyRStevens/cocoon,https://github.com/JeffreyRStevens/cocoon,codemeta.json
LanguageMachines/timbl,https://github.com/LanguageMachines/timbl,codemeta.json
gabrielblain/SPIChanges,https://github.com/gabrielblain/SPIChanges,codemeta.json
elabftw/elabftw,https://github.com/elabftw/elabftw,codemeta.json
olivescone/joinpoint_ubuntu,https://github.com/olivescone/joinpoint_ubuntu,codemeta.json
LMJL-Alea/kAOV,https://github.com/LMJL-Alea/kAOV,codemeta.json
fjdu/myRadex,https://github.com/fjdu/myRadex,codemeta.json
ferrighi/products_comparison,https://github.com/ferrighi/products_comparison,codemeta.json
ms609/PlotTools,https://github.com/ms609/PlotTools,codemeta.json
bihealth/sodar-core,https://github.com/bihealth/sodar-core,codemeta.json
jimbrig/lossrx,https://github.com/jimbrig/lossrx,codemeta.json
IndrajeetPatil/ggstatsplot,https://github.com/IndrajeetPatil/ggstatsplot,codemeta.json
ropensci/natserv,https://github.com/ropensci/natserv,codemeta.json
seadatanet/octopus,https://github.com/seadatanet/octopus,codemeta.json
CentreForDigitalHumanities/tscan,https://github.com/CentreForDigitalHumanities/tscan,codemeta.json
ropensci/citecorp,https://github.com/ropensci/citecorp,codemeta.json
gemini3d/mat_gemini,https://github.com/gemini3d/mat_gemini,codemeta.json
WeichengSun/ILSM,https://github.com/WeichengSun/ILSM,codemeta.json
jggautier/dataverse-scripts,https://github.com/jggautier/dataverse-scripts,codemeta.json
bempp/bempp-cl,https://github.com/bempp/bempp-cl,codemeta.json
ptaconet/modisfast,https://github.com/ptaconet/modisfast,codemeta.json
JsLth/rgesis,https://github.com/JsLth/rgesis,codemeta.json
cds-astro/tutorials,https://github.com/cds-astro/tutorials,codemeta.json
justinbois/bebi103,https://github.com/justinbois/bebi103,codemeta.json
Materials-Data-Science-and-Informatics/fair-python-cookiecutter,https://github.com/Materials-Data-Science-and-Informatics/fair-python-cookiecutter,codemeta.json
Hjorthmedh/Snudda,https://github.com/Hjorthmedh/Snudda,codemeta.json
ropensci/jagstargets,https://github.com/ropensci/jagstargets,codemeta.json
AppThreat/chen,https://github.com/AppThreat/chen,codemeta.json
Adafede/sapid,https://github.com/Adafede/sapid,codemeta.json
shubhamdutta26/tidyplate,https://github.com/shubhamdutta26/tidyplate,codemeta.json
ropensci/traits,https://github.com/ropensci/traits,codemeta.json
JohannaMz/ClusterApp,https://github.com/JohannaMz/ClusterApp,codemeta.json
2lambda123/psi4,https://github.com/2lambda123/psi4,codemeta.json
ipeaGIT/accessibility,https://github.com/ipeaGIT/accessibility,codemeta.json
AAGI-AUS/AAGIPalettes,https://github.com/AAGI-AUS/AAGIPalettes,codemeta.json
CityRiverSpaces/CRiSp,https://github.com/CityRiverSpaces/CRiSp,codemeta.json
ropensci/mctq,https://github.com/ropensci/mctq,codemeta.json
ropensci/beautier,https://github.com/ropensci/beautier,codemeta.json
IvanC987/Temp,https://github.com/IvanC987/Temp,codemeta.json
caltechlibrary/CL-web-components,https://github.com/caltechlibrary/CL-web-components,codemeta.json
rOpenSpain/CatastRoNav,https://github.com/rOpenSpain/CatastRoNav,codemeta.json
janelia-python/serial_interface_python,https://github.com/janelia-python/serial_interface_python,codemeta.json
super-lou/CARD,https://github.com/super-lou/CARD,codemeta.json
siara-cc/Unishox2,https://github.com/siara-cc/Unishox2,codemeta.json
peterpolidoro/kicad_netlist_reader,https://github.com/peterpolidoro/kicad_netlist_reader,codemeta.json
Terradue/pygeofilter-odata-cdse,https://github.com/Terradue/pygeofilter-odata-cdse,codemeta.json
dieghernan/nominatimlite,https://github.com/dieghernan/nominatimlite,codemeta.json
fabricebrito/dev-platform-dask-gateway,https://github.com/fabricebrito/dev-platform-dask-gateway,codemeta.json
robitalec/camtrapmonitoring,https://github.com/robitalec/camtrapmonitoring,codemeta.json
MiguelRodo/Slides24STA5069Z,https://github.com/MiguelRodo/Slides24STA5069Z,codemeta.json
EyeACT/eyeactstudy.org,https://github.com/EyeACT/eyeactstudy.org,codemeta.json
issa-project/issa-pipeline,https://github.com/issa-project/issa-pipeline,codemeta.json
INCF/MUSIC,https://github.com/INCF/MUSIC,codemeta.json
LanguageMachines/foliautils,https://github.com/LanguageMachines/foliautils,codemeta.json
OneFineStarstuff/OneFineStarstuff.github.io,https://github.com/OneFineStarstuff/OneFineStarstuff.github.io,codemeta.json
OneFineStarstuff/AGI-Pipeline,https://github.com/OneFineStarstuff/AGI-Pipeline,codemeta.json
ropensci/spatsoc,https://github.com/ropensci/spatsoc,codemeta.json
meyer-lab-cshl/plinkQC,https://github.com/meyer-lab-cshl/plinkQC,codemeta.json
elipousson/officerExtras,https://github.com/elipousson/officerExtras,codemeta.json
stencila/encoda,https://github.com/stencila/encoda,codemeta.json
amit-dingare/Clustering_Demo,https://github.com/amit-dingare/Clustering_Demo,codemeta.json
openplantpathology/hagis,https://github.com/openplantpathology/hagis,codemeta.json
OneFineStarstuff/OneFineStardust,https://github.com/OneFineStarstuff/OneFineStardust,codemeta.json
proycon/aNtiLoPe,https://github.com/proycon/aNtiLoPe,codemeta.json
DanChaltiel/autoimport,https://github.com/DanChaltiel/autoimport,codemeta.json
fchuffar/gse2study,https://github.com/fchuffar/gse2study,codemeta.json
caltechlibrary/ames,https://github.com/caltechlibrary/ames,codemeta.json
explore-platform/s-disco,https://github.com/explore-platform/s-disco,codemeta.json
explore-platform/g-arch,https://github.com/explore-platform/g-arch,codemeta.json
explore-platform/g-tomo-3d,https://github.com/explore-platform/g-tomo-3d,codemeta.json
inbo/fistools,https://github.com/inbo/fistools,codemeta.json
explore-platform/metadata,https://github.com/explore-platform/metadata,codemeta.json
FAIRDataPipeline/data-registry,https://github.com/FAIRDataPipeline/data-registry,codemeta.json
FAIRDataPipeline/pyDataPipeline,https://github.com/FAIRDataPipeline/pyDataPipeline,codemeta.json
crosscite/content-negotiation,https://github.com/crosscite/content-negotiation,codemeta.json
CLARIAH/dane-object-classification-worker,https://github.com/CLARIAH/dane-object-classification-worker,codemeta.json
ropensci/bold,https://github.com/ropensci/bold,codemeta.json
fhdsl/conrad,https://github.com/fhdsl/conrad,codemeta.json
b-cubed-eu/pdindicatoR,https://github.com/b-cubed-eu/pdindicatoR,codemeta.json
tesselle/kinesis,https://github.com/tesselle/kinesis,codemeta.json
kit-data-manager/Data-Collections-Explorer-Graph,https://github.com/kit-data-manager/Data-Collections-Explorer-Graph,codemeta.json
kit-data-manager/Data-Collections-Explorer,https://github.com/kit-data-manager/Data-Collections-Explorer,codemeta.json
danielvartan/refstudio,https://github.com/danielvartan/refstudio,codemeta.json
riatelab/maposm,https://github.com/riatelab/maposm,codemeta.json
darribas/gds18,https://github.com/darribas/gds18,codemeta.json
ropensci/photosearcher,https://github.com/ropensci/photosearcher,codemeta.json
JDenn0514/adlgraphs,https://github.com/JDenn0514/adlgraphs,codemeta.json
edamontology/edam-browser,https://github.com/edamontology/edam-browser,codemeta.json
SaibotMagd/fair_stats_aggregator,https://github.com/SaibotMagd/fair_stats_aggregator,codemeta.json
damien-pous/relation-algebra,https://github.com/damien-pous/relation-algebra,CodeMeta.json
BigBuildBench/gammapy_gammapy,https://github.com/BigBuildBench/gammapy_gammapy,codemeta.json
riatelab/osrm,https://github.com/riatelab/osrm,codemeta.json
jupyter/nbgrader,https://github.com/jupyter/nbgrader,codemeta.json
r-prof/proffer,https://github.com/r-prof/proffer,codemeta.json
LEEF-UZH/LEEF.measurement.o2meter,https://github.com/LEEF-UZH/LEEF.measurement.o2meter,codemeta.json
LEEF-UZH/LEEF.measurement.bemovi,https://github.com/LEEF-UZH/LEEF.measurement.bemovi,codemeta.json
LEEF-UZH/LEEF,https://github.com/LEEF-UZH/LEEF,codemeta.json
LEEF-UZH/LEEF.backend.sqlite,https://github.com/LEEF-UZH/LEEF.backend.sqlite,codemeta.json
LEEF-UZH/LEEF.measurement.flowcam,https://github.com/LEEF-UZH/LEEF.measurement.flowcam,codemeta.json
LEEF-UZH/LEEF.measurement.toc,https://github.com/LEEF-UZH/LEEF.measurement.toc,codemeta.json
LEEF-UZH/LEEF.archive.default,https://github.com/LEEF-UZH/LEEF.archive.default,codemeta.json
LEEF-UZH/LEEF.measurement.conductivity,https://github.com/LEEF-UZH/LEEF.measurement.conductivity,codemeta.json
google/caliban,https://github.com/google/caliban,codemeta.json
caltechlibrary/eprinttools,https://github.com/caltechlibrary/eprinttools,codemeta.json
fairdataihub/codefair-docs,https://github.com/fairdataihub/codefair-docs,codemeta.json
caltechlibrary/iga,https://github.com/caltechlibrary/iga,codemeta.json
sep-developers/sep,https://github.com/sep-developers/sep,codemeta.json
eliemichel/GrainViewer,https://github.com/eliemichel/GrainViewer,codemeta.json
sgfost/codemeticulous,https://github.com/sgfost/codemeticulous,codemeta.json
AI-READI/aireadi.org,https://github.com/AI-READI/aireadi.org,codemeta.json
rsdoiel/fountain,https://github.com/rsdoiel/fountain,codemeta.json
RuanBuys/bipl5,https://github.com/RuanBuys/bipl5,codemeta.json
electronicvisions/releases-ebrains,https://github.com/electronicvisions/releases-ebrains,codemeta.json
gongcastro/bvq,https://github.com/gongcastro/bvq,codemeta.json
proycon/codemeta-harvester,https://github.com/proycon/codemeta-harvester,codemeta.json
SoftwareHeritage/swh-indexer,https://github.com/SoftwareHeritage/swh-indexer,codemeta.json
ropensci/mbquartR,https://github.com/ropensci/mbquartR,codemeta.json
proycon/codemeta-server,https://github.com/proycon/codemeta-server,codemeta.json
ybarborini/jdev-t5A02,https://github.com/ybarborini/jdev-t5A02,codemeta.json
cjyetman/network.r2d3,https://github.com/cjyetman/network.r2d3,codemeta.json
kelliejarcher/hdcuremodels,https://github.com/kelliejarcher/hdcuremodels,codemeta.json
willem0boone/resample_zarr,https://github.com/willem0boone/resample_zarr,codemeta.json
ybarborini/HALSync-script,https://github.com/ybarborini/HALSync-script,codemeta.json
FZJ-INM1-BDA/siibra-api,https://github.com/FZJ-INM1-BDA/siibra-api,codemeta.json
ropenscilabs/r2readthedocs,https://github.com/ropenscilabs/r2readthedocs,codemeta.json
ropensci/dittodb,https://github.com/ropensci/dittodb,codemeta.json
FlowmapBlue/flowmapblue.R,https://github.com/FlowmapBlue/flowmapblue.R,codemeta.json
ropensci/mapscanner,https://github.com/ropensci/mapscanner,codemeta.json
ropensci/opentripplanner,https://github.com/ropensci/opentripplanner,codemeta.json
ropensci/slopes,https://github.com/ropensci/slopes,codemeta.json
ropensci/osfr,https://github.com/ropensci/osfr,codemeta.json
herminiogg/ShExML,https://github.com/herminiogg/ShExML,codemeta.json
ropensci/tsbox,https://github.com/ropensci/tsbox,codemeta.json
cienciadedatos/datos,https://github.com/cienciadedatos/datos,codemeta.json
Materials-Data-Science-and-Informatics/fair-python-cookiecutter-demo,https://github.com/Materials-Data-Science-and-Informatics/fair-python-cookiecutter-demo,codemeta.json
jsphdms/runchart,https://github.com/jsphdms/runchart,codemeta.json
ropensci/iheatmapr,https://github.com/ropensci/iheatmapr,codemeta.json
ropensci/nlrx,https://github.com/ropensci/nlrx,codemeta.json
ropensci/lingtypology,https://github.com/ropensci/lingtypology,codemeta.json
caltechlibrary/irdm-queue-portal,https://github.com/caltechlibrary/irdm-queue-portal,codemeta.json
caltechlibrary/datatools,https://github.com/caltechlibrary/datatools,codemeta.json
Wimmics/KartoGraphI,https://github.com/Wimmics/KartoGraphI,codemeta.json
R-Lum/RCarb,https://github.com/R-Lum/RCarb,codemeta.json
R-Lum/Luminescence,https://github.com/R-Lum/Luminescence,codemeta.json
AAGI-AUS/nert,https://github.com/AAGI-AUS/nert,codemeta.json
ropensci/universe,https://github.com/ropensci/universe,codemeta.json
dankelley/mooring,https://github.com/dankelley/mooring,codemeta.json
JorenSix/Panako,https://github.com/JorenSix/Panako,codemeta.json
ms609/TreeDist,https://github.com/ms609/TreeDist,codemeta.json
ropensci/gitignore,https://github.com/ropensci/gitignore,codemeta.json
lionandjelka/QhX1,https://github.com/lionandjelka/QhX1,codemeta.json
jspaaks/trellis,https://github.com/jspaaks/trellis,codemeta.json
DanChaltiel/nih.joinpoint,https://github.com/DanChaltiel/nih.joinpoint,codemeta.json
KM3NeT/Neurthino.jl,https://github.com/KM3NeT/Neurthino.jl,codemeta.json
ropensci/pangoling,https://github.com/ropensci/pangoling,codemeta.json
ropensci/circle,https://github.com/ropensci/circle,codemeta.json
ropensci/rnassqs,https://github.com/ropensci/rnassqs,codemeta.json
TEOS-10/GSW-R,https://github.com/TEOS-10/GSW-R,codemeta.json
ypwong22/ELM_SPRUCE,https://github.com/ypwong22/ELM_SPRUCE,codemeta.json
ropensci/dendroNetwork,https://github.com/ropensci/dendroNetwork,codemeta.json
karissawhiting/cbioportalR,https://github.com/karissawhiting/cbioportalR,codemeta.json
ropensci/openalexR,https://github.com/ropensci/openalexR,codemeta.json
ropensci/FedData,https://github.com/ropensci/FedData,codemeta.json
ropensci/stantargets,https://github.com/ropensci/stantargets,codemeta.json
florianbeyer/JKIDataCubeDemo,https://github.com/florianbeyer/JKIDataCubeDemo,codemeta.json
ropensci/datefixR,https://github.com/ropensci/datefixR,codemeta.json
proycon/colibri-utils,https://github.com/proycon/colibri-utils,codemeta.json
jonesor/mpmsim,https://github.com/jonesor/mpmsim,codemeta.json
jordandekraker/hippomaps,https://github.com/jordandekraker/hippomaps,codemeta.json
caltechlibrary/doitools,https://github.com/caltechlibrary/doitools,codemeta.json
damienbelveze/CFCB_IA,https://github.com/damienbelveze/CFCB_IA,codemeta.json
aravind-j/SampleCore,https://github.com/aravind-j/SampleCore,codemeta.json
veit/jupyter-tutorial-de,https://github.com/veit/jupyter-tutorial-de,codemeta.json
veit/jupyter-tutorial,https://github.com/veit/jupyter-tutorial,codemeta.json
sbalci/ClinicoPathJamoviModule,https://github.com/sbalci/ClinicoPathJamoviModule,codemeta.json
b-cubed-eu/dubicube,https://github.com/b-cubed-eu/dubicube,codemeta.json
geospace-code/nc4fortran,https://github.com/geospace-code/nc4fortran,codemeta.json
geospace-code/h5fortran-mpi,https://github.com/geospace-code/h5fortran-mpi,codemeta.json
geospace-code/h5fortran,https://github.com/geospace-code/h5fortran,codemeta.json
ropensci/RefManageR,https://github.com/ropensci/RefManageR,codemeta.json
inbo/dhcurve,https://github.com/inbo/dhcurve,codemeta.json
ropensci/readODS,https://github.com/ropensci/readODS,codemeta.json
sustentarea/gsdata,https://github.com/sustentarea/gsdata,codemeta.json
danielvartan/plotr,https://github.com/danielvartan/plotr,codemeta.json
ropensci/mregions2,https://github.com/ropensci/mregions2,codemeta.json
ryneches/SuchTree,https://github.com/ryneches/SuchTree,codemeta.json
ahasverus/rgeoservices,https://github.com/ahasverus/rgeoservices,codemeta.json
nathansam/gameR,https://github.com/nathansam/gameR,codemeta.json
lgnbhl/BFS,https://github.com/lgnbhl/BFS,codemeta.json
dutta-alankar/AstroPlasma,https://github.com/dutta-alankar/AstroPlasma,codemeta.json
lifewatch/eurobis,https://github.com/lifewatch/eurobis,codemeta.json
MoBiodiv/mobsim,https://github.com/MoBiodiv/mobsim,codemeta.json
slugb0t/djangoBlog,https://github.com/slugb0t/djangoBlog,codemeta.json
slugb0t/tic-tac-toe,https://github.com/slugb0t/tic-tac-toe,codemeta.json
Duke-GCB/calrissian,https://github.com/Duke-GCB/calrissian,codemeta.json
ethicsai/ethical-smart-grid,https://github.com/ethicsai/ethical-smart-grid,codemeta.json
proycon/colibrita,https://github.com/proycon/colibrita,codemeta.json
khinsen/rescience-ten-year-challenge-paper-3,https://github.com/khinsen/rescience-ten-year-challenge-paper-3,codemeta.json
zbmed-semtec/wmd-word2vec,https://github.com/zbmed-semtec/wmd-word2vec,codemeta.json
knaidoo29/mistree,https://github.com/knaidoo29/mistree,codemeta.json
r-transit/gtfsio,https://github.com/r-transit/gtfsio,codemeta.json
aravind-j/rpcss,https://github.com/aravind-j/rpcss,codemeta.json
CLARIAH/tool-discovery,https://github.com/CLARIAH/tool-discovery,codemeta.json
riatelab/magrit,https://github.com/riatelab/magrit,codemeta.json
nickcollins-craft/julia_constitutive_model_integration,https://github.com/nickcollins-craft/julia_constitutive_model_integration,codemeta.json
ropensci/rcites,https://github.com/ropensci/rcites,codemeta.json
elipousson/mapbaltimore,https://github.com/elipousson/mapbaltimore,codemeta.json
leonawicz/lcars,https://github.com/leonawicz/lcars,codemeta.json
leonawicz/trekcolors,https://github.com/leonawicz/trekcolors,codemeta.json
fairdataihub/fairdataihub-bot,https://github.com/fairdataihub/fairdataihub-bot,codemeta.json
DenaJGibbon/gibbonNetR,https://github.com/DenaJGibbon/gibbonNetR,codemeta.json
yjunechoe/jlmerclusterperm,https://github.com/yjunechoe/jlmerclusterperm,codemeta.json
R-Lum/xlum,https://github.com/R-Lum/xlum,codemeta.json
Miagarciaru/atlas-outreach-data-tools-for-lumi36,https://github.com/Miagarciaru/atlas-outreach-data-tools-for-lumi36,codemeta.json
ropensci-review-tools/repometrics,https://github.com/ropensci-review-tools/repometrics,codemeta.json
riatelab/mapsf,https://github.com/riatelab/mapsf,codemeta.json
ropensci/excluder,https://github.com/ropensci/excluder,codemeta.json
EarthyScience/FAIRSenDD,https://github.com/EarthyScience/FAIRSenDD,codemeta.json
aravind-j/augmentedRCBD,https://github.com/aravind-j/augmentedRCBD,codemeta.json
llrs/BioCor,https://github.com/llrs/BioCor,codemeta.json
willem0boone/Modelviewer_HSM,https://github.com/willem0boone/Modelviewer_HSM,codemeta.json
Ramy-Badr-Ahmed/php-codemeta-crosswalk,https://github.com/Ramy-Badr-Ahmed/php-codemeta-crosswalk,codemeta.json
openplantpathology/Reproducibility_in_Plant_Pathology,https://github.com/openplantpathology/Reproducibility_in_Plant_Pathology,codemeta.json
ropensci/taxize,https://github.com/ropensci/taxize,codemeta.json
borkowsk/sym4processing,https://github.com/borkowsk/sym4processing,codemeta.json
mufflyt/mystery,https://github.com/mufflyt/mystery,codemeta.json
flynn162/srfi-64-chibi,https://github.com/flynn162/srfi-64-chibi,codemeta.json
btozer/gmg,https://github.com/btozer/gmg,codemeta.json
MyWebIntelligence/mwiR,https://github.com/MyWebIntelligence/mwiR,codemeta.json
FC4E-CAT/fc4e-cat-ui,https://github.com/FC4E-CAT/fc4e-cat-ui,codemeta.json
anespinosa/netmem,https://github.com/anespinosa/netmem,codemeta.json
heuermh/sea-eagle,https://github.com/heuermh/sea-eagle,codemeta.json
daliwang/kmELM,https://github.com/daliwang/kmELM,codemeta.json
Materials-Data-Science-and-Informatics/somesy,https://github.com/Materials-Data-Science-and-Informatics/somesy,codemeta.json
aloftdata/getRad,https://github.com/aloftdata/getRad,codemeta.json
INRS-France/simMACT,https://github.com/INRS-France/simMACT,codemeta.json
fairdataihub/SODA-for-SPARC-Docs,https://github.com/fairdataihub/SODA-for-SPARC-Docs,codemeta.json
bbsBayes/bbsBayes2,https://github.com/bbsBayes/bbsBayes2,codemeta.json
MiguelRodo/Slides24STA5077Z,https://github.com/MiguelRodo/Slides24STA5077Z,codemeta.json
FFTW/fftw3,https://github.com/FFTW/fftw3,codemeta.json
OlawaleClimate/OceanNGD,https://github.com/OlawaleClimate/OceanNGD,codemeta.json
ropensci/geotargets,https://github.com/ropensci/geotargets,codemeta.json
ropensci/bowerbird,https://github.com/ropensci/bowerbird,codemeta.json
ropensci/biomartr,https://github.com/ropensci/biomartr,codemeta.json
ropensci/rOPTRAM,https://github.com/ropensci/rOPTRAM,codemeta.json
daliwang/uELM,https://github.com/daliwang/uELM,codemeta.json
dhersz/replr,https://github.com/dhersz/replr,codemeta.json
dhersz/rosmosis,https://github.com/dhersz/rosmosis,codemeta.json
NanoComp/mpb,https://github.com/NanoComp/mpb,codemeta.json
ibois-epfl/augmented-carpentry,https://github.com/ibois-epfl/augmented-carpentry,codemeta.json
ryanzomorrodi/sasquatch,https://github.com/ryanzomorrodi/sasquatch,codemeta.json
riatelab/maptiles,https://github.com/riatelab/maptiles,codemeta.json
SebastienBoutry/inrae-project-website,https://github.com/SebastienBoutry/inrae-project-website,codemeta.json
odissei-data/ODISSEI-code-library,https://github.com/odissei-data/ODISSEI-code-library,codemeta.json
lbbe-software/DRomics,https://github.com/lbbe-software/DRomics,codemeta.json
MarieHouillon/FACILE-RS-actions,https://github.com/MarieHouillon/FACILE-RS-actions,codemeta.json
saw-leipzig/basic.app,https://github.com/saw-leipzig/basic.app,codemeta.json
inbo/camtrapdp,https://github.com/inbo/camtrapdp,codemeta.json
ropensci-review-tools/orgmetrics,https://github.com/ropensci-review-tools/orgmetrics,codemeta.json
ropensci/allcontributors,https://github.com/ropensci/allcontributors,codemeta.json
rOpenSpain/spanishoddata,https://github.com/rOpenSpain/spanishoddata,codemeta.json
fairdataihub/FAIRshare-Docs,https://github.com/fairdataihub/FAIRshare-Docs,codemeta.json
matthiasprobst/pivmetalib,https://github.com/matthiasprobst/pivmetalib,codemeta.json
matthiasprobst/synpivimage,https://github.com/matthiasprobst/synpivimage,codemeta.json
elipousson/mapmaryland,https://github.com/elipousson/mapmaryland,codemeta.json
astronomy/libTheSky,https://github.com/astronomy/libTheSky,codemeta.json
MarcvdSluys/libTheSky,https://github.com/MarcvdSluys/libTheSky,codemeta.json
ExplorViz/frontend,https://github.com/ExplorViz/frontend,codemeta.json
caltechlibrary/cold,https://github.com/caltechlibrary/cold,codemeta.json
cta-observatory/lstmcpipe,https://github.com/cta-observatory/lstmcpipe,codemeta.json
LanguageMachines/ucto,https://github.com/LanguageMachines/ucto,codemeta.json
oda-hub/oda_api,https://github.com/oda-hub/oda_api,codemeta.json
JeffreyRStevens/flashr,https://github.com/JeffreyRStevens/flashr,codemeta.json
MiguelRodo/ProjrGitHubTesttest_projr1.09109,https://github.com/MiguelRodo/ProjrGitHubTesttest_projr1.09109,codemeta.json
ipeaGIT/enderecobr,https://github.com/ipeaGIT/enderecobr,codemeta.json
destination-earth/DestinE_ESA_GFTS,https://github.com/destination-earth/DestinE_ESA_GFTS,codemeta.json
rOpenGov/rogtemplate,https://github.com/rOpenGov/rogtemplate,codemeta.json
ai4os/ai4-dashboard,https://github.com/ai4os/ai4-dashboard,codemeta.json
UrbanAnalyst/uaengine,https://github.com/UrbanAnalyst/uaengine,codemeta.json
EDIorg/taxonomyCleanr,https://github.com/EDIorg/taxonomyCleanr,codemeta.json
EDIorg/EMLassemblyline,https://github.com/EDIorg/EMLassemblyline,codemeta.json
the-virtual-brain/tvb-ext-unicore,https://github.com/the-virtual-brain/tvb-ext-unicore,codemeta.json
dieghernan/arcgeocoder,https://github.com/dieghernan/arcgeocoder,codemeta.json
dieghernan/gitdevr,https://github.com/dieghernan/gitdevr,codemeta.json
bhroston/fcmconfr,https://github.com/bhroston/fcmconfr,codemeta.json
caltechlibrary/irdmtools,https://github.com/caltechlibrary/irdmtools,codemeta.json
Zheng206/ComBatFamQC,https://github.com/Zheng206/ComBatFamQC,codemeta.json
damienbelveze/code_source,https://github.com/damienbelveze/code_source,codemeta.json
ropensci/cffr,https://github.com/ropensci/cffr,codemeta.json
astro-group-bristol/Gradus.jl,https://github.com/astro-group-bristol/Gradus.jl,codemeta.json
caltechlibrary/caltechdata_api,https://github.com/caltechlibrary/caltechdata_api,codemeta.json
megasanjay/testrepository,https://github.com/megasanjay/testrepository,codemeta.json
kit-data-manager/tomo_mapper,https://github.com/kit-data-manager/tomo_mapper,codemeta.json
OcMalde/fuse-phylotree,https://github.com/OcMalde/fuse-phylotree,codemeta.json
KM3NeT/km3io,https://github.com/KM3NeT/km3io,codemeta.json
rOpenSpain/rostemplate,https://github.com/rOpenSpain/rostemplate,codemeta.json
MSARN/NucleosID,https://github.com/MSARN/NucleosID,codemeta.json
Adafede/CentroidR,https://github.com/Adafede/CentroidR,codemeta.json
rug-compling/Alpino,https://github.com/rug-compling/Alpino,codemeta.json
seanome/2025-biodata-wealth-inequality,https://github.com/seanome/2025-biodata-wealth-inequality,codemeta.json
boinor/boinor,https://github.com/boinor/boinor,codemeta.json
caltechlibrary/air-sampling,https://github.com/caltechlibrary/air-sampling,codemeta.json
rsdoiel/pttk,https://github.com/rsdoiel/pttk,codemeta.json
E3SM-Project/E3SM,https://github.com/E3SM-Project/E3SM,codemeta.json
JamesHucklesby/vascr,https://github.com/JamesHucklesby/vascr,codemeta.json
probaverse/distionary,https://github.com/probaverse/distionary,codemeta.json
ropensci/skimr,https://github.com/ropensci/skimr,codemeta.json
datacite/lupo,https://github.com/datacite/lupo,codemeta.json
jemus42/tRakt,https://github.com/jemus42/tRakt,codemeta.json
JSadowska/deposit-exampleHal_SWH,https://github.com/JSadowska/deposit-exampleHal_SWH,codemeta.json
sparna-git/Sparnatural,https://github.com/sparna-git/Sparnatural,codemeta.json
kmartinet/SSARP,https://github.com/kmartinet/SSARP,codemeta.json
EMODnet/emodnet.wfs,https://github.com/EMODnet/emodnet.wfs,codemeta.json
usa-npn/rnpn,https://github.com/usa-npn/rnpn,codemeta.json
jpthiele/pu-dwr-combustion,https://github.com/jpthiele/pu-dwr-combustion,codemeta.json
mlr-org/mlr3spatiotempcv,https://github.com/mlr-org/mlr3spatiotempcv,codemeta.json
DanChaltiel/EDCimport,https://github.com/DanChaltiel/EDCimport,codemeta.json
matthiasprobst/piv2hdf,https://github.com/matthiasprobst/piv2hdf,codemeta.json
rmgpanw/codemapper,https://github.com/rmgpanw/codemapper,codemeta.json
b-cubed-eu/impIndicator,https://github.com/b-cubed-eu/impIndicator,codemeta.json
hypertidy/geodist,https://github.com/hypertidy/geodist,codemeta.json
FRBCesab/rcompendium,https://github.com/FRBCesab/rcompendium,codemeta.json
riffomonas/reproducible_research,https://github.com/riffomonas/reproducible_research,codemeta.json
danielvartan/rutils,https://github.com/danielvartan/rutils,codemeta.json
SCECcode/ucvm,https://github.com/SCECcode/ucvm,codemeta.json
danielvartan/groomr,https://github.com/danielvartan/groomr,codemeta.json
umr-amap/StormR,https://github.com/umr-amap/StormR,codemeta.json
OneFineStarstuff/State-of-the-Art,https://github.com/OneFineStarstuff/State-of-the-Art,codemeta.json
ropensci/eDNAjoint,https://github.com/ropensci/eDNAjoint,codemeta.json
danielvartan/prettycheck,https://github.com/danielvartan/prettycheck,codemeta.json
AppThreat/atom,https://github.com/AppThreat/atom,codemeta.json
ejolly/pymer4,https://github.com/ejolly/pymer4,codemeta.json
netwerk-digitaal-erfgoed/dataset-register,https://github.com/netwerk-digitaal-erfgoed/dataset-register,codemeta.json
kit-data-manager/nmr_FAIR-DOs,https://github.com/kit-data-manager/nmr_FAIR-DOs,codemeta.json
datacite/akita,https://github.com/datacite/akita,codemeta.json
ai4os/ai4-papi,https://github.com/ai4os/ai4-papi,codemeta.json
data-fun/3d-genome-builder,https://github.com/data-fun/3d-genome-builder,codemeta.json
SecureSECO/searchSECO-miner,https://github.com/SecureSECO/searchSECO-miner,codemeta.json
BM32ESRF/LaueNN,https://github.com/BM32ESRF/LaueNN,codemeta.json
proycon/codemetapy,https://github.com/proycon/codemetapy,codemeta.json
proycon/colibri-core,https://github.com/proycon/colibri-core,codemeta.json
ctlearn-project/ctlearn,https://github.com/ctlearn-project/ctlearn,codemeta.json
globalcosmos/neptoon,https://github.com/globalcosmos/neptoon,codemeta.json
Neplex/ArchiTXT,https://github.com/Neplex/ArchiTXT,codemeta.json
rstudio/pointblank,https://github.com/rstudio/pointblank,codemeta.json
odissei-data/odissei-kg,https://github.com/odissei-data/odissei-kg,codemeta.json
ropensci/ruODK,https://github.com/ropensci/ruODK,codemeta.json
palaeoware/trevosim,https://github.com/palaeoware/trevosim,codemeta.json
cmbant/getdist,https://github.com/cmbant/getdist,codemeta.json
samharrison7/fortran-error-handler,https://github.com/samharrison7/fortran-error-handler,codemeta.json
ropensci/waywiser,https://github.com/ropensci/waywiser,codemeta.json
dieghernan/tidyterra,https://github.com/dieghernan/tidyterra,codemeta.json
R3BRootGroup/R3BRoot,https://github.com/R3BRootGroup/R3BRoot,codemeta.json
Lukeg75/2021-data-and-software-class,https://github.com/Lukeg75/2021-data-and-software-class,codemeta.json
the-virtual-brain/tvb-widgets,https://github.com/the-virtual-brain/tvb-widgets,codemeta.json
mia-jinns/jinns,https://github.com/mia-jinns/jinns,codemeta.json
Zink-Antoine/TLpack,https://github.com/Zink-Antoine/TLpack,codemeta.json
gowachin/matreex,https://github.com/gowachin/matreex,codemeta.json
AI-READI/ai-readi-dataset-notebooks,https://github.com/AI-READI/ai-readi-dataset-notebooks,codemeta.json
starpu-runtime/starpu,https://github.com/starpu-runtime/starpu,codemeta.json
SCECcode/bbp,https://github.com/SCECcode/bbp,codemeta.json
fair-test/no-printer,https://github.com/fair-test/no-printer,codemeta.json
vuillaut/test-composite-action,https://github.com/vuillaut/test-composite-action,codemeta.json
rsdoiel/skimmer,https://github.com/rsdoiel/skimmer,codemeta.json
vmagnin/gtk-fortran,https://github.com/vmagnin/gtk-fortran,codemeta.json
fozy81/opendatascot,https://github.com/fozy81/opendatascot,codemeta.json
adeverse/ade4,https://github.com/adeverse/ade4,codemeta.json
rOpenSpain/CatastRo,https://github.com/rOpenSpain/CatastRo,codemeta.json
dieghernan/igoR,https://github.com/dieghernan/igoR,codemeta.json
dieghernan/rasterpic,https://github.com/dieghernan/rasterpic,codemeta.json
adamhsparks/read.abares,https://github.com/adamhsparks/read.abares,codemeta.json
DillonHammill/CytoExploreR,https://github.com/DillonHammill/CytoExploreR,codemeta.json
spectra-to-knowledge/SpectraToQueries,https://github.com/spectra-to-knowledge/SpectraToQueries,codemeta.json
IPBES-Data/IPBES.R,https://github.com/IPBES-Data/IPBES.R,codemeta.json
cristal-smac/sumo-experiments,https://github.com/cristal-smac/sumo-experiments,codemeta.json
rciam/rciam-federation-registry,https://github.com/rciam/rciam-federation-registry,codemeta.json
AlexStormwood/alexstormwood.com,https://github.com/AlexStormwood/alexstormwood.com,codemeta.json
EarthyScience/RQADeforestation.jl,https://github.com/EarthyScience/RQADeforestation.jl,codemeta.json
ropensci-review-tools/goodpractice,https://github.com/ropensci-review-tools/goodpractice,codemeta.json
kgoldfeld/simstudy,https://github.com/kgoldfeld/simstudy,codemeta.json
RobinDenz1/adjustedCurves,https://github.com/RobinDenz1/adjustedCurves,codemeta.json
rsdoiel/block_extractor,https://github.com/rsdoiel/block_extractor,codemeta.json
aravind-j/EvaluateCore,https://github.com/aravind-j/EvaluateCore,codemeta.json
ropensci/quadkeyr,https://github.com/ropensci/quadkeyr,codemeta.json
oggioniale/WISP.data,https://github.com/oggioniale/WISP.data,codemeta.json
Moohan/octopusR,https://github.com/Moohan/octopusR,codemeta.json
cetoolbox/cetoolbox,https://github.com/cetoolbox/cetoolbox,codemeta.json
EVERSE-ResearchSoftware/RSQKit,https://github.com/EVERSE-ResearchSoftware/RSQKit,codemeta.json
super-lou/dataverseuR,https://github.com/super-lou/dataverseuR,codemeta.json
rcsb/py-rcsb-api,https://github.com/rcsb/py-rcsb-api,codemeta.json
janelia-python/arena_interface_python,https://github.com/janelia-python/arena_interface_python,codemeta.json
janelia-python/hex_maze_interface_python,https://github.com/janelia-python/hex_maze_interface_python,codemeta.json
ericgiunta/Colossus,https://github.com/ericgiunta/Colossus,codemeta.json
cosimoNigro/agnpy,https://github.com/cosimoNigro/agnpy,codemeta.json
nkrofta/Topological-Groups,https://github.com/nkrofta/Topological-Groups,codemeta.json
ropensci/ijtiff,https://github.com/ropensci/ijtiff,codemeta.json
bogdan-tanygin/spacetime-sym,https://github.com/bogdan-tanygin/spacetime-sym,codemeta.json
izus-fokus/metadata2dataverse,https://github.com/izus-fokus/metadata2dataverse,codemeta.json
serkor1/SLmetrics,https://github.com/serkor1/SLmetrics,codemeta.json
andriumon/OpenScienceAI,https://github.com/andriumon/OpenScienceAI,codemeta.json
leonawicz/rtrek,https://github.com/leonawicz/rtrek,codemeta.json
ropensci/tradestatistics,https://github.com/ropensci/tradestatistics,codemeta.json
cristal-smac/ipd,https://github.com/cristal-smac/ipd,codemeta.json
codemeta/codemeta-generator,https://github.com/codemeta/codemeta-generator,codemeta.json
ropensci/bikedata,https://github.com/ropensci/bikedata,codemeta.json
SWE-Gym-Raw/mne-tools__mne-python,https://github.com/SWE-Gym-Raw/mne-tools__mne-python,codemeta.json
ThWacker/DiPPER2,https://github.com/ThWacker/DiPPER2,codemeta.json
Adafede/wd-np-up-to-date,https://github.com/Adafede/wd-np-up-to-date,codemeta.json
Fijishi-Enterprises/LNDM-Map-Patterns,https://github.com/Fijishi-Enterprises/LNDM-Map-Patterns,codemeta.json
dumux/dumux,https://github.com/dumux/dumux,codemeta.json
GlobalEcologyLab/poems,https://github.com/GlobalEcologyLab/poems,codemeta.json
SWIFTSIM/swiftgalaxy,https://github.com/SWIFTSIM/swiftgalaxy,codemeta.json
leonawicz/legocolors,https://github.com/leonawicz/legocolors,codemeta.json
ropensci/spiro,https://github.com/ropensci/spiro,codemeta.json
leonawicz/imgpalr,https://github.com/leonawicz/imgpalr,codemeta.json
gem-pasteur/Integron_Finder,https://github.com/gem-pasteur/Integron_Finder,codemeta.json
caltechlibrary/models,https://github.com/caltechlibrary/models,codemeta.json
barbagroup/cuIBM,https://github.com/barbagroup/cuIBM,codemeta.json
Rbfinch/grepq,https://github.com/Rbfinch/grepq,codemeta.json
RECeSS-EU-Project/stanscofi,https://github.com/RECeSS-EU-Project/stanscofi,codemeta.json
kieker-monitoring/kieker,https://github.com/kieker-monitoring/kieker,codemeta.json
macrocosme/matchmaker,https://github.com/macrocosme/matchmaker,codemeta.json
beeldengeluid/dane-workflows,https://github.com/beeldengeluid/dane-workflows,codemeta.json
ropensci/terrainr,https://github.com/ropensci/terrainr,codemeta.json
SciCodes/best-practices-preprint,https://github.com/SciCodes/best-practices-preprint,codemeta.json
SciCodes/template,https://github.com/SciCodes/template,codemeta.json
ropensci/qualR,https://github.com/ropensci/qualR,codemeta.json
ropensci/refsplitr,https://github.com/ropensci/refsplitr,codemeta.json
ropensci/GSODR,https://github.com/ropensci/GSODR,codemeta.json
ropensci/agroclimatico,https://github.com/ropensci/agroclimatico,codemeta.json
amd/mumps-build,https://github.com/amd/mumps-build,codemeta.json
geospace-code/pymap3d,https://github.com/geospace-code/pymap3d,codemeta.json
pierrepo/article-SWH-bioinfo-fr,https://github.com/pierrepo/article-SWH-bioinfo-fr,codemeta.json
caltechlibrary/popstar,https://github.com/caltechlibrary/popstar,codemeta.json
caltechlibrary/manage_dois,https://github.com/caltechlibrary/manage_dois,codemeta.json
caltechlibrary/OH-demo,https://github.com/caltechlibrary/OH-demo,codemeta.json
ropensci/workloopR,https://github.com/ropensci/workloopR,codemeta.json
apdavison/ebrains-validation-client,https://github.com/apdavison/ebrains-validation-client,codemeta.json
grycap/im-client,https://github.com/grycap/im-client,codemeta.json
cta-observatory/ctaplot,https://github.com/cta-observatory/ctaplot,codemeta.json
crp2a/gamma,https://github.com/crp2a/gamma,codemeta.json
crp2a/gammaShiny,https://github.com/crp2a/gammaShiny,codemeta.json
huancui/WT_ELM_new,https://github.com/huancui/WT_ELM_new,codemeta.json
pachadotdev/mindicador,https://github.com/pachadotdev/mindicador,codemeta.json
noamross/hello50,https://github.com/noamross/hello50,codemeta.json
noamross/hello48,https://github.com/noamross/hello48,codemeta.json
noamross/hello45,https://github.com/noamross/hello45,codemeta.json
ThomasLuypaert/soundscapeR,https://github.com/ThomasLuypaert/soundscapeR,codemeta.json
TristanHUC/CursoOpenScience,https://github.com/TristanHUC/CursoOpenScience,codemeta.json
bioc/treeio,https://github.com/bioc/treeio,codemeta.json
LanguageMachines/frog,https://github.com/LanguageMachines/frog,codemeta.json
maehr/the-corpus-as-a-network,https://github.com/maehr/the-corpus-as-a-network,codemeta.json
darribas/gds17,https://github.com/darribas/gds17,codemeta.json
tamasgal/km3pipe,https://github.com/tamasgal/km3pipe,codemeta.json
EGI-Federation/bdii,https://github.com/EGI-Federation/bdii,codemeta.json
IndrajeetPatil/statsExpressions,https://github.com/IndrajeetPatil/statsExpressions,codemeta.json
RECeSS-EU-Project/benchscofi,https://github.com/RECeSS-EU-Project/benchscofi,codemeta.json
rOpenSpain/mapSpain,https://github.com/rOpenSpain/mapSpain,codemeta.json
taxonomicallyinformedannotation/tima,https://github.com/taxonomicallyinformedannotation/tima,codemeta.json
ropensci/hoardr,https://github.com/ropensci/hoardr,codemeta.json
elipousson/sfext,https://github.com/elipousson/sfext,codemeta.json
elipousson/getdata,https://github.com/elipousson/getdata,codemeta.json
elipousson/getACS,https://github.com/elipousson/getACS,codemeta.json
fairdataihub/FAIRshare,https://github.com/fairdataihub/FAIRshare,codemeta.json
ropensci/NLMR,https://github.com/ropensci/NLMR,codemeta.json
beniaminogreen/zoomerjoin,https://github.com/beniaminogreen/zoomerjoin,codemeta.json
jive-vlbi/ParselTongue,https://github.com/jive-vlbi/ParselTongue,codemeta.json
caltechlibrary/foliage,https://github.com/caltechlibrary/foliage,codemeta.json
Zink-Antoine/OSLpack,https://github.com/Zink-Antoine/OSLpack,codemeta.json
MiiNeLoC0/IAoptativa,https://github.com/MiiNeLoC0/IAoptativa,codemeta.json
MiguelRodo/DataTidy24STA5069Z,https://github.com/MiguelRodo/DataTidy24STA5069Z,codemeta.json
ARGOeu/argo-messaging,https://github.com/ARGOeu/argo-messaging,codemeta.json
epinowcast/baselinenowcast,https://github.com/epinowcast/baselinenowcast,codemeta.json
ropensci/codemetar,https://github.com/ropensci/codemetar,codemeta.json
seroanalytics/serosolver,https://github.com/seroanalytics/serosolver,codemeta.json
FIPE18-007-VERMEULEN/csdvp-evolutionary-algorithm-optimization,https://github.com/FIPE18-007-VERMEULEN/csdvp-evolutionary-algorithm-optimization,codemeta.json
dhersz/aopint,https://github.com/dhersz/aopint,codemeta.json
FZJ-INM1-BDA/siibra-explorer,https://github.com/FZJ-INM1-BDA/siibra-explorer,codemeta.json
mpadge/mpmisc,https://github.com/mpadge/mpmisc,codemeta.json
helske/bssm,https://github.com/helske/bssm,codemeta.json
hypertidy/fasterize,https://github.com/hypertidy/fasterize,codemeta.json
dataobservatory-eu/tuRtle,https://github.com/dataobservatory-eu/tuRtle,codemeta.json
ropensci/butterfly,https://github.com/ropensci/butterfly,codemeta.json
b-cubed-eu/gcube,https://github.com/b-cubed-eu/gcube,codemeta.json
ropensci/rix,https://github.com/ropensci/rix,codemeta.json
gabrielblain/CropWaterBalance,https://github.com/gabrielblain/CropWaterBalance,codemeta.json
sourmash-bio/sourmash,https://github.com/sourmash-bio/sourmash,codemeta.json
caltechlibrary/template,https://github.com/caltechlibrary/template,codemeta.json
vrineau/Agatta,https://github.com/vrineau/Agatta,codemeta.json
tesselle/isopleuros,https://github.com/tesselle/isopleuros,codemeta.json
gammapy/gammapy,https://github.com/gammapy/gammapy,codemeta.json
ropensci/rfishbase,https://github.com/ropensci/rfishbase,codemeta.json
flekschas/regl-scatterplot,https://github.com/flekschas/regl-scatterplot,codemeta.json
EcoJulia/Phylo.jl,https://github.com/EcoJulia/Phylo.jl,codemeta.json
SimonGreenhill/treemaker,https://github.com/SimonGreenhill/treemaker,codemeta.json
dieghernan/pkgdev,https://github.com/dieghernan/pkgdev,codemeta.json
proycon/valkuil-gecco,https://github.com/proycon/valkuil-gecco,codemeta.json
ailiop/idvf,https://github.com/ailiop/idvf,codemeta.json
noclocks/gmhdatahub,https://github.com/noclocks/gmhdatahub,codemeta.json
kit-data-manager/react-search-component,https://github.com/kit-data-manager/react-search-component,codemeta.json
ropensci/rebird,https://github.com/ropensci/rebird,codemeta.json
Woseseltops/stemming2017,https://github.com/Woseseltops/stemming2017,codemeta.json
AlexStormwood/AlexStormwood,https://github.com/AlexStormwood/AlexStormwood,codemeta.json
ipeaGIT/geocodebr,https://github.com/ipeaGIT/geocodebr,codemeta.json
ScottKolo/suitesparse-matrix-collection-website,https://github.com/ScottKolo/suitesparse-matrix-collection-website,codemeta.json
ropensci/predictNMB,https://github.com/ropensci/predictNMB,codemeta.json
ropensci/osmdata,https://github.com/ropensci/osmdata,codemeta.json
NeotomaDB/neotoma2,https://github.com/NeotomaDB/neotoma2,codemeta.json
ropensci-review-tools/srr,https://github.com/ropensci-review-tools/srr,codemeta.json
dfki-ric/phobos,https://github.com/dfki-ric/phobos,codemeta.json
Global-Chem/global-chem,https://github.com/Global-Chem/global-chem,codemeta.json
ms609/TreeTools,https://github.com/ms609/TreeTools,codemeta.json
mpadge/typetracer,https://github.com/mpadge/typetracer,codemeta.json
buehlk/fouRplebsAPI,https://github.com/buehlk/fouRplebsAPI,codemeta.json
NeuralEnsemble/PyNN,https://github.com/NeuralEnsemble/PyNN,codemeta.json
herminiogg/dmaog,https://github.com/herminiogg/dmaog,codemeta.json
SpeciesFileGroup/Rtaxonworks,https://github.com/SpeciesFileGroup/Rtaxonworks,codemeta.json
openpharma/graphicalMCP,https://github.com/openpharma/graphicalMCP,codemeta.json
bioc/BioCor,https://github.com/bioc/BioCor,codemeta.json
mikldk/disclapmix,https://github.com/mikldk/disclapmix,codemeta.json
maRce10/warbleR,https://github.com/maRce10/warbleR,codemeta.json
psi4/psi4,https://github.com/psi4/psi4,codemeta.json
ropensci/nasapower,https://github.com/ropensci/nasapower,codemeta.json
YsoSirius/windfarmGA,https://github.com/YsoSirius/windfarmGA,codemeta.json
ghislainv/forestatrisk,https://github.com/ghislainv/forestatrisk,codemeta.json
jay96salunke/jupyter,https://github.com/jay96salunke/jupyter,codemeta.json
battlesister/icd,https://github.com/battlesister/icd,codemeta.json
rcsb/py-rcsbsearchapi,https://github.com/rcsb/py-rcsbsearchapi,codemeta.json
maRce10/suwo,https://github.com/maRce10/suwo,codemeta.json
ropensci/drake,https://github.com/ropensci/drake,codemeta.json
maRce10/brmsish,https://github.com/maRce10/brmsish,codemeta.json
sckott/geoops,https://github.com/sckott/geoops,codemeta.json
AI-READI/fairhub-developer,https://github.com/AI-READI/fairhub-developer,codemeta.json
getfem/getfem,https://github.com/getfem/getfem,codemeta.json
m-team-kit/cookiecutter-web,https://github.com/m-team-kit/cookiecutter-web,codemeta.json
kpeeters/cadabra2,https://github.com/kpeeters/cadabra2,codemeta.json
meli/meli,https://github.com/meli/meli,codemeta.json
INL/galahad-train-battery,https://github.com/INL/galahad-train-battery,codemeta.json
ropensci/rsat,https://github.com/ropensci/rsat,codemeta.json
BPSB/combine-p-values-discrete,https://github.com/BPSB/combine-p-values-discrete,codemeta.json
ropensci/gigs,https://github.com/ropensci/gigs,codemeta.json
b-cubed-eu/b3gbi,https://github.com/b-cubed-eu/b3gbi,codemeta.json
ComputationalBiomechanicsLab/opensim-creator,https://github.com/ComputationalBiomechanicsLab/opensim-creator,codemeta.json
mne-tools/mne-python,https://github.com/mne-tools/mne-python,codemeta.json
sbi-dev/sbi,https://github.com/sbi-dev/sbi,codemeta.json
INRS-France/predicting_alarm_audibility,https://github.com/INRS-France/predicting_alarm_audibility,codemeta.json
hsloot/rmo,https://github.com/hsloot/rmo,codemeta.json
ms609/Quartet,https://github.com/ms609/Quartet,codemeta.json
super-lou/MEANDRE,https://github.com/super-lou/MEANDRE,codemeta.json
fair-test/abstract-test,https://github.com/fair-test/abstract-test,codemeta.json
R-Lum/rxylib,https://github.com/R-Lum/rxylib,codemeta.json
Mariizero/ProjectECGrat,https://github.com/Mariizero/ProjectECGrat,codemeta.json
AI4LAM/awesome-ai4lam,https://github.com/AI4LAM/awesome-ai4lam,codemeta.json
nichollsh/AGNI,https://github.com/nichollsh/AGNI,codemeta.json
FRBCesab/funbiogeo,https://github.com/FRBCesab/funbiogeo,codemeta.json
cta-observatory/ctao-dl2-prod5,https://github.com/cta-observatory/ctao-dl2-prod5,codemeta.json
BapMel/mesocalc,https://github.com/BapMel/mesocalc,codemeta.json
RECeSS-EU-Project/JELI,https://github.com/RECeSS-EU-Project/JELI,codemeta.json
Nowosad/rcartocolor,https://github.com/Nowosad/rcartocolor,codemeta.json
megasanjay/CodeNeon,https://github.com/megasanjay/CodeNeon,codemeta.json
megasanjay/test1,https://github.com/megasanjay/test1,codemeta.json
macSands/DissimMapR,https://github.com/macSands/DissimMapR,codemeta.json
inrae/ODAM,https://github.com/inrae/ODAM,codemeta.json
brian-team/brian2,https://github.com/brian-team/brian2,codemeta.json
CharlesDampeyrou/flight_simulation_turbulence_icing,https://github.com/CharlesDampeyrou/flight_simulation_turbulence_icing,codemeta.json
LivingNorway/LivingNorwayR,https://github.com/LivingNorway/LivingNorwayR,codemeta.json
ropensci/rfema,https://github.com/ropensci/rfema,codemeta.json
HPCI-Lab/yProv,https://github.com/HPCI-Lab/yProv,codemeta.json
giuseppec/iml,https://github.com/giuseppec/iml,codemeta.json
Aswendt-Lab/AIDAmri,https://github.com/Aswendt-Lab/AIDAmri,codemeta.json
bihealth/vcfpy,https://github.com/bihealth/vcfpy,codemeta.json
rug-compling/paqu,https://github.com/rug-compling/paqu,codemeta.json
ropensci/weatherOz,https://github.com/ropensci/weatherOz,codemeta.json
oggioniale/specimen_catalogue,https://github.com/oggioniale/specimen_catalogue,codemeta.json
GuigonGaelle/RLGchecker,https://github.com/GuigonGaelle/RLGchecker,codemeta.json
ropensci/osmextract,https://github.com/ropensci/osmextract,codemeta.json
pharmaverse/ggsurvfit,https://github.com/pharmaverse/ggsurvfit,codemeta.json
PGelss/wave_train,https://github.com/PGelss/wave_train,CodeMeta.json
MITDDC/zork-1978-01,https://github.com/MITDDC/zork-1978-01,codemeta.json
MITDDC/clu-1976-1989,https://github.com/MITDDC/clu-1976-1989,codemeta.json
MITDDC/zork-1977-07,https://github.com/MITDDC/zork-1977-07,codemeta.json
MITDDC/zork-1989-01,https://github.com/MITDDC/zork-1989-01,codemeta.json
AI-READI/template,https://github.com/AI-READI/template,codemeta.json
v-bhelande/ts_repo,https://github.com/v-bhelande/ts_repo,codemeta.json
atsyplenkov/rp5pik,https://github.com/atsyplenkov/rp5pik,codemeta.json
leonawicz/trekfont,https://github.com/leonawicz/trekfont,codemeta.json
